run_id,task_id,condition,rep,effort,success,score,grading_error,deferred,wall_seconds,cost_usd,input_tokens,output_tokens,runtime,started_at,timed_out,cost_basis,num_turns,set
EXP1-issue-create-flow__luna-effort-high__r1,EXP1-issue-create-flow,luna-effort-high,1,high,True,1,,,41.304,0.009894380000000001,348719,3636,codex,2026-10-08T01:24:51.082Z,False,estimated_standard_list_price,,code45
EXP1-issue-create-flow__luna-effort-low__r1,EXP1-issue-create-flow,luna-effort-low,1,low,True,1,,,28.789,0.00477048,117832,1780,codex,2026-10-08T01:41:14.156Z,False,estimated_standard_list_price,,code45
EXP1-issue-create-flow__luna-effort-medium__r1,EXP1-issue-create-flow,luna-effort-medium,1,medium,True,1,,,36.332,0.0051605,154719,1726,codex,2026-10-08T01:42:44.677Z,False,estimated_standard_list_price,,code45
EXP1-issue-create-flow__luna-effort-xhigh__r1,EXP1-issue-create-flow,luna-effort-xhigh,1,xhigh,True,1,,,136.679,0.02129062,628842,14825,codex,2026-10-08T01:05:03.111Z,False,estimated_standard_list_price,,code45
EXP2-comment-mention-notify__luna-effort-high__r1,EXP2-comment-mention-notify,luna-effort-high,1,high,True,1,,,69.807,0.00753372,236654,3080,codex,2026-10-08T01:14:30.243Z,False,estimated_standard_list_price,,code45
EXP2-comment-mention-notify__luna-effort-low__r1,EXP2-comment-mention-notify,luna-effort-low,1,low,True,1,,,23.127,0.004604,133964,1308,codex,2026-10-08T01:40:22.196Z,False,estimated_standard_list_price,,code45
EXP2-comment-mention-notify__luna-effort-medium__r1,EXP2-comment-mention-notify,luna-effort-medium,1,medium,True,1,,,28.814,0.0040144,103242,974,codex,2026-10-08T01:48:56.861Z,False,estimated_standard_list_price,,code45
EXP2-comment-mention-notify__luna-effort-xhigh__r1,EXP2-comment-mention-notify,luna-effort-xhigh,1,xhigh,True,1,,,75.67,0.0112836,299177,6047,codex,2026-10-08T01:12:34.977Z,False,estimated_standard_list_price,,code45
EXP3-digest-pipeline__luna-effort-high__r1,EXP3-digest-pipeline,luna-effort-high,1,high,True,1,,,38.297,0.00673658,204022,2759,codex,2026-10-08T01:25:11.374Z,False,estimated_standard_list_price,,code45
EXP3-digest-pipeline__luna-effort-low__r1,EXP3-digest-pipeline,luna-effort-low,1,low,True,1,,,44.108,0.004590100000000001,120413,1456,codex,2026-10-08T01:20:17.285Z,False,estimated_standard_list_price,,code45
EXP3-digest-pipeline__luna-effort-medium__r1,EXP3-digest-pipeline,luna-effort-medium,1,medium,True,1,,,28.518,0.004611120000000001,115340,2144,codex,2026-10-08T01:31:50.631Z,False,estimated_standard_list_price,,code45
EXP3-digest-pipeline__luna-effort-xhigh__r1,EXP3-digest-pipeline,luna-effort-xhigh,1,xhigh,True,0.8,,,93.249,0.011103560000000002,218485,8969,codex,2026-10-08T01:16:09.414Z,False,estimated_standard_list_price,,code45
FIX1-issue-tenant-leak__luna-effort-high__r1,FIX1-issue-tenant-leak,luna-effort-high,1,high,True,1,,,57.786,0.005952400000000001,201276,1832,codex,2026-10-08T01:46:13.802Z,False,estimated_standard_list_price,,code45
FIX1-issue-tenant-leak__luna-effort-low__r1,FIX1-issue-tenant-leak,luna-effort-low,1,low,True,1,,,84.826,0.00340436,133132,734,codex,2026-10-08T01:40:57.720Z,False,estimated_standard_list_price,,code45
FIX1-issue-tenant-leak__luna-effort-medium__r1,FIX1-issue-tenant-leak,luna-effort-medium,1,medium,True,1,,,35.439,0.0037112200000000003,92176,369,codex,2026-10-08T01:25:20.965Z,False,estimated_standard_list_price,,code45
FIX1-issue-tenant-leak__luna-effort-xhigh__r1,FIX1-issue-tenant-leak,luna-effort-xhigh,1,xhigh,True,1,,,60.119,0.00963018,333174,4143,codex,2026-10-08T01:26:21.991Z,False,estimated_standard_list_price,,code45
FIX2-project-quota-off-by-one__luna-effort-high__r1,FIX2-project-quota-off-by-one,luna-effort-high,1,high,True,1,,,29.604,0.00272726,95572,671,codex,2026-10-08T01:43:08.753Z,False,estimated_standard_list_price,,code45
FIX2-project-quota-off-by-one__luna-effort-low__r1,FIX2-project-quota-off-by-one,luna-effort-low,1,low,True,1,,,13.615,0.0037852,129376,588,codex,2026-10-08T01:13:14.477Z,False,estimated_standard_list_price,,code45
FIX2-project-quota-off-by-one__luna-effort-medium__r1,FIX2-project-quota-off-by-one,luna-effort-medium,1,medium,True,1,,,18.765,0.00438,164691,705,codex,2026-10-08T01:04:05.997Z,False,estimated_standard_list_price,,code45
FIX2-project-quota-off-by-one__luna-effort-xhigh__r1,FIX2-project-quota-off-by-one,luna-effort-xhigh,1,xhigh,True,1,,,26.195,0.00454816,124690,1254,codex,2026-10-08T01:39:17.797Z,False,estimated_standard_list_price,,code45
FIX3-board-shows-archived__luna-effort-high__r1,FIX3-board-shows-archived,luna-effort-high,1,high,True,1,,,40.986,0.0045451599999999995,193280,1354,codex,2026-10-08T01:21:34.942Z,False,estimated_standard_list_price,,code45
FIX3-board-shows-archived__luna-effort-low__r1,FIX3-board-shows-archived,luna-effort-low,1,low,True,1,,,11.085,0.0022172399999999997,84834,324,codex,2026-10-08T01:45:07.809Z,False,estimated_standard_list_price,,code45
FIX3-board-shows-archived__luna-effort-medium__r1,FIX3-board-shows-archived,luna-effort-medium,1,medium,True,1,,,28.84,0.00268926,86701,526,codex,2026-10-08T01:27:49.916Z,False,estimated_standard_list_price,,code45
FIX3-board-shows-archived__luna-effort-xhigh__r1,FIX3-board-shows-archived,luna-effort-xhigh,1,xhigh,True,1,,,26.393,0.00778272,231328,1648,codex,2026-10-08T01:16:22.117Z,False,estimated_standard_list_price,,code45
IMP1-planlimits-field__luna-effort-high__r1,IMP1-planlimits-field,luna-effort-high,1,high,True,1,,,35.005,0.0019756400000000003,37962,460,codex,2026-10-08T01:13:30.843Z,False,estimated_standard_list_price,,code45
IMP1-planlimits-field__luna-effort-low__r1,IMP1-planlimits-field,luna-effort-low,1,low,True,1,,,27.291,0.0009729,37704,165,codex,2026-10-08T01:13:50.013Z,False,estimated_standard_list_price,,code45
IMP1-planlimits-field__luna-effort-medium__r1,IMP1-planlimits-field,luna-effort-medium,1,medium,True,1,,,14.086,0.0016021400000000002,39190,389,codex,2026-10-08T01:21:11.218Z,False,estimated_standard_list_price,,code45
IMP1-planlimits-field__luna-effort-xhigh__r1,IMP1-planlimits-field,luna-effort-xhigh,1,xhigh,True,1,,,9.329,0.00098448,24876,588,codex,2026-10-08T01:18:14.975Z,False,estimated_standard_list_price,,code45
IMP2-rename-issue-created__luna-effort-high__r1,IMP2-rename-issue-created,luna-effort-high,1,high,True,0.9090909090909091,,,20.07,0.0008026800000000001,24263,347,codex,2026-10-08T01:34:55.159Z,False,estimated_standard_list_price,,code45
IMP2-rename-issue-created__luna-effort-low__r1,IMP2-rename-issue-created,luna-effort-low,1,low,False,0.7142857142857143,,,8.893,0.0013864,24259,225,codex,2026-10-08T01:11:18.205Z,False,estimated_standard_list_price,,code45
IMP2-rename-issue-created__luna-effort-medium__r1,IMP2-rename-issue-created,luna-effort-medium,1,medium,False,0.7142857142857143,,,9.712,0.0007298800000000001,24150,224,codex,2026-10-08T01:20:04.981Z,False,estimated_standard_list_price,,code45
IMP2-rename-issue-created__luna-effort-xhigh__r1,IMP2-rename-issue-created,luna-effort-xhigh,1,xhigh,False,0.7142857142857143,,,15.636,0.0013308200000000001,24258,667,codex,2026-10-08T01:24:25.363Z,False,estimated_standard_list_price,,code45
IMP3-limited-resource-union__luna-effort-high__r1,IMP3-limited-resource-union,luna-effort-high,1,high,False,0.846153846153846,,,36.07,0.0029316,69022,1966,codex,2026-10-08T01:43:49.801Z,False,estimated_standard_list_price,,code45
IMP3-limited-resource-union__luna-effort-low__r1,IMP3-limited-resource-union,luna-effort-low,1,low,True,0.9166666666666666,,,17.899,0.00121592,25159,257,codex,2026-10-08T01:37:12.407Z,False,estimated_standard_list_price,,code45
IMP3-limited-resource-union__luna-effort-medium__r1,IMP3-limited-resource-union,luna-effort-medium,1,medium,True,0.9166666666666666,,,15.229,0.00091268,25173,385,codex,2026-10-08T01:38:43.741Z,False,estimated_standard_list_price,,code45
IMP3-limited-resource-union__luna-effort-xhigh__r1,IMP3-limited-resource-union,luna-effort-xhigh,1,xhigh,True,0.9166666666666666,,,36.138,0.004788280000000001,88090,3156,codex,2026-10-08T01:43:34.144Z,False,estimated_standard_list_price,,code45
LOC1-shortcut-match__luna-effort-high__r1,LOC1-shortcut-match,luna-effort-high,1,high,True,1,,,19.44,0.00130128,29879,221,codex,2026-10-08T01:39:48.444Z,False,estimated_standard_list_price,,code45
LOC1-shortcut-match__luna-effort-low__r1,LOC1-shortcut-match,luna-effort-low,1,low,True,1,,,19.781,0.0014175,29533,154,codex,2026-10-08T01:10:42.032Z,False,estimated_standard_list_price,,code45
LOC1-shortcut-match__luna-effort-medium__r1,LOC1-shortcut-match,luna-effort-medium,1,medium,True,1,,,22.027,0.00119018,29348,105,codex,2026-10-08T01:23:13.932Z,False,estimated_standard_list_price,,code45
LOC1-shortcut-match__luna-effort-xhigh__r1,LOC1-shortcut-match,luna-effort-xhigh,1,xhigh,True,1,,,25.306,0.0019181200000000002,53569,357,codex,2026-10-08T01:17:29.364Z,False,estimated_standard_list_price,,code45
LOC2-webhook-plan-cap__luna-effort-high__r1,LOC2-webhook-plan-cap,luna-effort-high,1,high,False,0.5,,,54.206,0.0022855200000000005,66645,1011,codex,2026-10-08T01:22:08.741Z,False,estimated_standard_list_price,,code45
LOC2-webhook-plan-cap__luna-effort-low__r1,LOC2-webhook-plan-cap,luna-effort-low,1,low,True,1,,,20.428,0.00321808,69018,374,codex,2026-10-08T01:24:39.632Z,False,estimated_standard_list_price,,code45
LOC2-webhook-plan-cap__luna-effort-medium__r1,LOC2-webhook-plan-cap,luna-effort-medium,1,medium,False,0.5,,,35.193,0.0028627200000000005,49671,261,codex,2026-10-08T01:29:43.826Z,False,estimated_standard_list_price,,code45
LOC2-webhook-plan-cap__luna-effort-xhigh__r1,LOC2-webhook-plan-cap,luna-effort-xhigh,1,xhigh,False,0.5,,,45.616,0.00252356,69887,1023,codex,2026-10-08T01:47:11.015Z,False,estimated_standard_list_price,,code45
LOC3-digest-window__luna-effort-high__r1,LOC3-digest-window,luna-effort-high,1,high,False,0.5,,,26.578,0.0029067200000000002,94615,1037,codex,2026-10-08T01:45:33.291Z,False,estimated_standard_list_price,,code45
LOC3-digest-window__luna-effort-low__r1,LOC3-digest-window,luna-effort-low,1,low,False,0.8,,,21.452,0.00235762,48788,349,codex,2026-10-08T01:19:43.117Z,False,estimated_standard_list_price,,code45
LOC3-digest-window__luna-effort-medium__r1,LOC3-digest-window,luna-effort-medium,1,medium,True,1,,,11.993,0.00222914,71691,442,codex,2026-10-08T01:41:41.045Z,False,estimated_standard_list_price,,code45
LOC3-digest-window__luna-effort-xhigh__r1,LOC3-digest-window,luna-effort-xhigh,1,xhigh,True,1,,,39.224,0.0049969,88157,1348,codex,2026-10-08T01:18:03.272Z,False,estimated_standard_list_price,,code45
REF1-assertcan-callers__luna-effort-high__r1,REF1-assertcan-callers,luna-effort-high,1,high,True,1,,,36.842,0.00297846,96719,944,codex,2026-10-08T01:18:52.844Z,False,estimated_standard_list_price,,code45
REF1-assertcan-callers__luna-effort-low__r1,REF1-assertcan-callers,luna-effort-low,1,low,True,1,,,21.238,0.00286572,67853,317,codex,2026-10-08T01:08:25.402Z,False,estimated_standard_list_price,,code45
REF1-assertcan-callers__luna-effort-medium__r1,REF1-assertcan-callers,luna-effort-medium,1,medium,True,1,,,21.211,0.0022216000000000002,61768,384,codex,2026-10-08T01:18:34.578Z,False,estimated_standard_list_price,,code45
REF1-assertcan-callers__luna-effort-xhigh__r1,REF1-assertcan-callers,luna-effort-xhigh,1,xhigh,True,0.9285714285714286,,,46.765,0.0034570800000000004,69540,978,codex,2026-10-08T01:08:44.708Z,False,estimated_standard_list_price,,code45
REF2-would-exceed-limit-callers__luna-effort-high__r1,REF2-would-exceed-limit-callers,luna-effort-high,1,high,True,1,,,34.214,0.00197884,51998,424,codex,2026-10-08T01:28:18.808Z,False,estimated_standard_list_price,,code45
REF2-would-exceed-limit-callers__luna-effort-low__r1,REF2-would-exceed-limit-callers,luna-effort-low,1,low,True,1,,,30.662,0.0023155600000000004,67184,226,codex,2026-10-08T01:03:08.874Z,False,estimated_standard_list_price,,code45
REF2-would-exceed-limit-callers__luna-effort-medium__r1,REF2-would-exceed-limit-callers,luna-effort-medium,1,medium,True,1,,,23.492,0.00308938,50846,295,codex,2026-10-08T01:11:27.724Z,False,estimated_standard_list_price,,code45
REF2-would-exceed-limit-callers__luna-effort-xhigh__r1,REF2-would-exceed-limit-callers,luna-effort-xhigh,1,xhigh,True,1,,,27.354,0.00247824,72307,817,codex,2026-10-08T01:04:50.039Z,False,estimated_standard_list_price,,code45
REF3-issue-created-subscribers__luna-effort-high__r1,REF3-issue-created-subscribers,luna-effort-high,1,high,True,1,,,31.706,0.00195078,43413,426,codex,2026-10-08T01:37:58.444Z,False,estimated_standard_list_price,,code45
REF3-issue-created-subscribers__luna-effort-low__r1,REF3-issue-created-subscribers,luna-effort-low,1,low,True,1,,,36.755,0.0025672200000000003,68134,355,codex,2026-10-08T01:18:43.705Z,False,estimated_standard_list_price,,code45
REF3-issue-created-subscribers__luna-effort-medium__r1,REF3-issue-created-subscribers,luna-effort-medium,1,medium,True,1,,,13.366,0.00200416,59382,242,codex,2026-10-08T01:11:59.850Z,False,estimated_standard_list_price,,code45
REF3-issue-created-subscribers__luna-effort-xhigh__r1,REF3-issue-created-subscribers,luna-effort-xhigh,1,xhigh,True,1,,,28.482,0.0024518400000000003,53923,985,codex,2026-10-08T01:31:10.356Z,False,estimated_standard_list_price,,code45
XEXP1-webhook-delivery__luna-effort-high__r1,XEXP1-webhook-delivery,luna-effort-high,1,high,True,1,,,44.599,0.00618652,199381,2541,codex,2026-10-08T01:45:58.966Z,False,estimated_standard_list_price,,code45
XEXP1-webhook-delivery__luna-effort-low__r1,XEXP1-webhook-delivery,luna-effort-low,1,low,True,1,,,29.207,0.00415436,102145,1289,codex,2026-10-08T01:04:24.639Z,False,estimated_standard_list_price,,code45
XEXP1-webhook-delivery__luna-effort-medium__r1,XEXP1-webhook-delivery,luna-effort-medium,1,medium,True,0.8,,,32.012,0.00395566,102581,1726,codex,2026-10-08T01:04:34.021Z,False,estimated_standard_list_price,,code45
XEXP1-webhook-delivery__luna-effort-xhigh__r1,XEXP1-webhook-delivery,luna-effort-xhigh,1,xhigh,True,1,,,90.484,0.01115768,284210,7314,codex,2026-10-08T01:35:14.607Z,False,estimated_standard_list_price,,code45
XEXP2-invitation-lifecycle__luna-effort-high__r1,XEXP2-invitation-lifecycle,luna-effort-high,1,high,True,1,,,65.996,0.012228319999999999,368056,5312,codex,2026-10-08T01:19:30.039Z,False,estimated_standard_list_price,,code45
XEXP2-invitation-lifecycle__luna-effort-low__r1,XEXP2-invitation-lifecycle,luna-effort-low,1,low,True,1,,,31.775,0.009051479999999999,211469,2213,codex,2026-10-08T01:31:39.697Z,False,estimated_standard_list_price,,code45
XEXP2-invitation-lifecycle__luna-effort-medium__r1,XEXP2-invitation-lifecycle,luna-effort-medium,1,medium,True,0.8,,,25.822,0.00636176,165447,2029,codex,2026-10-08T01:26:56.679Z,False,estimated_standard_list_price,,code45
XEXP2-invitation-lifecycle__luna-effort-xhigh__r1,XEXP2-invitation-lifecycle,luna-effort-xhigh,1,xhigh,True,1,,,116.053,0.0164134,407635,11895,codex,2026-10-08T01:15:37.255Z,False,estimated_standard_list_price,,code45
XEXP3-plan-change__luna-effort-high__r1,XEXP3-plan-change,luna-effort-high,1,high,True,1,,,56.293,0.0080754,273995,3515,codex,2026-10-08T01:09:50.233Z,False,estimated_standard_list_price,,code45
XEXP3-plan-change__luna-effort-low__r1,XEXP3-plan-change,luna-effort-low,1,low,True,1,,,40.486,0.009639479999999999,275352,1902,codex,2026-10-08T01:17:54.708Z,False,estimated_standard_list_price,,code45
XEXP3-plan-change__luna-effort-medium__r1,XEXP3-plan-change,luna-effort-medium,1,medium,True,1,,,53.056,0.00371784,99743,1265,codex,2026-10-08T01:07:23.027Z,False,estimated_standard_list_price,,code45
XEXP3-plan-change__luna-effort-xhigh__r1,XEXP3-plan-change,luna-effort-xhigh,1,xhigh,True,1,,,76.092,0.012706420000000001,317314,8583,codex,2026-10-08T01:32:21.486Z,False,estimated_standard_list_price,,code45
XEXP4-signin-to-actor__luna-effort-high__r1,XEXP4-signin-to-actor,luna-effort-high,1,high,True,0.8,,,47.109,0.007640200000000001,196074,2792,codex,2026-10-08T01:27:32.329Z,False,estimated_standard_list_price,,code45
XEXP4-signin-to-actor__luna-effort-low__r1,XEXP4-signin-to-actor,luna-effort-low,1,low,True,0.8,,,36.819,0.0044925,113239,1774,codex,2026-10-08T01:30:52.950Z,False,estimated_standard_list_price,,code45
XEXP4-signin-to-actor__luna-effort-medium__r1,XEXP4-signin-to-actor,luna-effort-medium,1,medium,True,0.8,,,27.15,0.006912540000000001,144125,2234,codex,2026-10-08T01:49:30.168Z,False,estimated_standard_list_price,,code45
XEXP4-signin-to-actor__luna-effort-xhigh__r1,XEXP4-signin-to-actor,luna-effort-xhigh,1,xhigh,True,0.8,,,75.952,0.00787996,185272,5478,codex,2026-10-08T01:02:57.804Z,False,estimated_standard_list_price,,code45
XEXP5-search-index__luna-effort-high__r1,XEXP5-search-index,luna-effort-high,1,high,True,0.8,,,46.401,0.00638928,172178,3134,codex,2026-10-08T01:39:36.179Z,False,estimated_standard_list_price,,code45
XEXP5-search-index__luna-effort-low__r1,XEXP5-search-index,luna-effort-low,1,low,True,0.6,,,34.113,0.0047285,144550,1283,codex,2026-10-08T01:37:39.779Z,False,estimated_standard_list_price,,code45
XEXP5-search-index__luna-effort-medium__r1,XEXP5-search-index,luna-effort-medium,1,medium,True,0.6,,,29.545,0.00451348,121290,1496,codex,2026-10-08T01:33:18.406Z,False,estimated_standard_list_price,,code45
XEXP5-search-index__luna-effort-xhigh__r1,XEXP5-search-index,luna-effort-xhigh,1,xhigh,True,0.8,,,97.742,0.01253796,255392,9986,codex,2026-10-08T01:31:28.077Z,False,estimated_standard_list_price,,code45
XEXP6-overdue-sweep__luna-effort-high__r1,XEXP6-overdue-sweep,luna-effort-high,1,high,True,1,,,72.643,0.008366120000000001,205428,4078,codex,2026-10-08T01:38:11.072Z,False,estimated_standard_list_price,,code45
XEXP6-overdue-sweep__luna-effort-low__r1,XEXP6-overdue-sweep,luna-effort-low,1,low,True,0.8,,,37.014,0.00616334,197435,1824,codex,2026-10-08T01:29:05.528Z,False,estimated_standard_list_price,,code45
XEXP6-overdue-sweep__luna-effort-medium__r1,XEXP6-overdue-sweep,luna-effort-medium,1,medium,True,0.8,,,44.686,0.0052342,137075,1255,codex,2026-10-08T01:29:56.096Z,False,estimated_standard_list_price,,code45
XEXP6-overdue-sweep__luna-effort-xhigh__r1,XEXP6-overdue-sweep,luna-effort-xhigh,1,xhigh,True,0.8,,,106.254,0.0104373,298827,7650,codex,2026-10-08T01:46:58.437Z,False,estimated_standard_list_price,,code45
XFIX1-csv-quote-escape__luna-effort-high__r1,XFIX1-csv-quote-escape,luna-effort-high,1,high,True,1,,,25.916,0.00219458,68019,370,codex,2026-10-08T01:14:41.386Z,False,estimated_standard_list_price,,code45
XFIX1-csv-quote-escape__luna-effort-low__r1,XFIX1-csv-quote-escape,luna-effort-low,1,low,True,1,,,32.972,0.0020762,64792,410,codex,2026-10-08T01:20:27.746Z,False,estimated_standard_list_price,,code45
XFIX1-csv-quote-escape__luna-effort-medium__r1,XFIX1-csv-quote-escape,luna-effort-medium,1,medium,True,1,,,20.1,0.00280978,113514,335,codex,2026-10-08T01:23:59.792Z,False,estimated_standard_list_price,,code45
XFIX1-csv-quote-escape__luna-effort-xhigh__r1,XFIX1-csv-quote-escape,luna-effort-xhigh,1,xhigh,True,1,,,14.258,0.0025906400000000004,69623,657,codex,2026-10-08T01:05:15.154Z,False,estimated_standard_list_price,,code45
XFIX2-mention-inside-code__luna-effort-high__r1,XFIX2-mention-inside-code,luna-effort-high,1,high,True,1,,,47.764,0.00261938,105522,631,codex,2026-10-08T01:02:11.770Z,False,estimated_standard_list_price,,code45
XFIX2-mention-inside-code__luna-effort-low__r1,XFIX2-mention-inside-code,luna-effort-low,1,low,True,1,,,21.006,0.00240466,88563,506,codex,2026-10-08T01:32:48.019Z,False,estimated_standard_list_price,,code45
XFIX2-mention-inside-code__luna-effort-medium__r1,XFIX2-mention-inside-code,luna-effort-medium,1,medium,True,1,,,18.97,0.0037205600000000004,84692,456,codex,2026-10-08T01:03:25.478Z,False,estimated_standard_list_price,,code45
XFIX2-mention-inside-code__luna-effort-xhigh__r1,XFIX2-mention-inside-code,luna-effort-xhigh,1,xhigh,True,1,,,32.34,0.00467588,155624,1866,codex,2026-10-08T01:30:08.962Z,False,estimated_standard_list_price,,code45
XFIX3-last-owner-removable__luna-effort-high__r1,XFIX3-last-owner-removable,luna-effort-high,1,high,True,1,,,29.625,0.00323692,119925,1013,codex,2026-10-08T01:28:45.737Z,False,estimated_standard_list_price,,code45
XFIX3-last-owner-removable__luna-effort-low__r1,XFIX3-last-owner-removable,luna-effort-low,1,low,True,1,,,12.848,0.004526560000000001,95668,564,codex,2026-10-08T01:38:23.331Z,False,estimated_standard_list_price,,code45
XFIX3-last-owner-removable__luna-effort-medium__r1,XFIX3-last-owner-removable,luna-effort-medium,1,medium,True,1,,,18.326,0.0035872200000000003,132987,714,codex,2026-10-08T01:07:05.534Z,False,estimated_standard_list_price,,code45
XFIX3-last-owner-removable__luna-effort-xhigh__r1,XFIX3-last-owner-removable,luna-effort-xhigh,1,xhigh,True,1,,,22.667,0.0032971600000000004,78078,932,codex,2026-10-08T01:34:09.193Z,False,estimated_standard_list_price,,code45
XFIX4-advanced-search-inverted__luna-effort-high__r1,XFIX4-advanced-search-inverted,luna-effort-high,1,high,True,1,,,55.58,0.00389972,128266,1592,codex,2026-10-08T01:08:00.602Z,False,estimated_standard_list_price,,code45
XFIX4-advanced-search-inverted__luna-effort-low__r1,XFIX4-advanced-search-inverted,luna-effort-low,1,low,True,1,,,44.557,0.00480846,124183,724,codex,2026-10-08T01:27:10.759Z,False,estimated_standard_list_price,,code45
XFIX4-advanced-search-inverted__luna-effort-medium__r1,XFIX4-advanced-search-inverted,luna-effort-medium,1,medium,True,1,,,25.828,0.00294262,114199,648,codex,2026-10-08T01:22:40.713Z,False,estimated_standard_list_price,,code45
XFIX4-advanced-search-inverted__luna-effort-xhigh__r1,XFIX4-advanced-search-inverted,luna-effort-xhigh,1,xhigh,True,1,,,26.748,0.00506618,130891,1142,codex,2026-10-08T01:48:34.948Z,False,estimated_standard_list_price,,code45
XFIX5-self-notification__luna-effort-high__r1,XFIX5-self-notification,luna-effort-high,1,high,True,1,,,26.291,0.00278096,91111,749,codex,2026-10-08T01:19:06.308Z,False,estimated_standard_list_price,,code45
XFIX5-self-notification__luna-effort-low__r1,XFIX5-self-notification,luna-effort-low,1,low,True,1,,,20.251,0.0031611400000000002,132306,551,codex,2026-10-08T01:47:46.139Z,False,estimated_standard_list_price,,code45
XFIX5-self-notification__luna-effort-medium__r1,XFIX5-self-notification,luna-effort-medium,1,medium,False,0,,,25.174,0.00566928,107478,810,codex,2026-10-08T01:36:19.947Z,False,estimated_standard_list_price,,code45
XFIX5-self-notification__luna-effort-xhigh__r1,XFIX5-self-notification,luna-effort-xhigh,1,xhigh,True,1,,,17.062,0.0035836,90013,915,codex,2026-10-08T01:35:37.445Z,False,estimated_standard_list_price,,code45
XFIX6-revoked-invite-accepted__luna-effort-high__r1,XFIX6-revoked-invite-accepted,luna-effort-high,1,high,True,1,,,28.14,0.0027897200000000003,94935,739,codex,2026-10-08T01:10:59.018Z,False,estimated_standard_list_price,,code45
XFIX6-revoked-invite-accepted__luna-effort-low__r1,XFIX6-revoked-invite-accepted,luna-effort-low,1,low,True,1,,,31.313,0.00304406,103883,564,codex,2026-10-08T01:15:07.074Z,False,estimated_standard_list_price,,code45
XFIX6-revoked-invite-accepted__luna-effort-medium__r1,XFIX6-revoked-invite-accepted,luna-effort-medium,1,medium,True,1,,,41.236,0.0022344800000000005,73276,320,codex,2026-10-08T01:20:49.666Z,False,estimated_standard_list_price,,code45
XFIX6-revoked-invite-accepted__luna-effort-xhigh__r1,XFIX6-revoked-invite-accepted,luna-effort-xhigh,1,xhigh,True,1,,,28.995,0.0027171000000000005,72534,1065,codex,2026-10-08T01:30:31.399Z,False,estimated_standard_list_price,,code45
XIMP1-role-union__luna-effort-high__r1,XIMP1-role-union,luna-effort-high,1,high,False,0.8421052631578948,,,33.97,0.002018,27050,930,codex,2026-10-08T01:21:25.793Z,False,estimated_standard_list_price,,code45
XIMP1-role-union__luna-effort-low__r1,XIMP1-role-union,luna-effort-low,1,low,False,0.8205128205128205,,,10.147,0.00166934,26520,523,codex,2026-10-08T01:12:13.225Z,False,estimated_standard_list_price,,code45
XIMP1-role-union__luna-effort-medium__r1,XIMP1-role-union,luna-effort-medium,1,medium,False,0.8421052631578948,,,26.203,0.00158008,42064,876,codex,2026-10-08T01:36:43.588Z,False,estimated_standard_list_price,,code45
XIMP1-role-union__luna-effort-xhigh__r1,XIMP1-role-union,luna-effort-xhigh,1,xhigh,False,0.7804878048780487,,,26.029,0.00191778,26669,2096,codex,2026-10-08T01:09:32.881Z,False,estimated_standard_list_price,,code45
XIMP2-rename-comment-created__luna-effort-high__r1,XIMP2-rename-comment-created,luna-effort-high,1,high,False,0.7142857142857143,,,25.201,0.00079828,24264,338,codex,2026-10-08T01:11:36.597Z,False,estimated_standard_list_price,,code45
XIMP2-rename-comment-created__luna-effort-low__r1,XIMP2-rename-comment-created,luna-effort-low,1,low,False,0.7142857142857143,,,14.281,0.00269446,49582,357,codex,2026-10-08T01:10:15.610Z,False,estimated_standard_list_price,,code45
XIMP2-rename-comment-created__luna-effort-medium__r1,XIMP2-rename-comment-created,luna-effort-medium,1,medium,False,0.7142857142857143,,,12.537,0.0009400000000000001,24223,261,codex,2026-10-08T01:37:48.496Z,False,estimated_standard_list_price,,code45
XIMP2-rename-comment-created__luna-effort-xhigh__r1,XIMP2-rename-comment-created,luna-effort-xhigh,1,xhigh,False,0.8,,,41.085,0.00169718,38017,998,codex,2026-10-08T01:09:05.467Z,False,estimated_standard_list_price,,code45
XIMP3-issue-status-union__luna-effort-high__r1,XIMP3-issue-status-union,luna-effort-high,1,high,True,0.9714285714285714,,,44.598,0.00210426,59531,1334,codex,2026-10-08T01:48:12.724Z,False,estimated_standard_list_price,,code45
XIMP3-issue-status-union__luna-effort-low__r1,XIMP3-issue-status-union,luna-effort-low,1,low,False,0.8947368421052632,,,10.052,0.00095298,25786,343,codex,2026-10-08T01:25:01.725Z,False,estimated_standard_list_price,,code45
XIMP3-issue-status-union__luna-effort-medium__r1,XIMP3-issue-status-union,luna-effort-medium,1,medium,True,1,,,8.809,0.0009588800000000001,25750,362,codex,2026-10-08T01:37:31.168Z,False,estimated_standard_list_price,,code45
XIMP3-issue-status-union__luna-effort-xhigh__r1,XIMP3-issue-status-union,luna-effort-xhigh,1,xhigh,True,0.9714285714285714,,,38.701,0.0036716000000000006,66506,3258,codex,2026-10-08T01:28:30.612Z,False,estimated_standard_list_price,,code45
XIMP4-feature-flag-key-union__luna-effort-high__r1,XIMP4-feature-flag-key-union,luna-effort-high,1,high,True,0.9285714285714286,,,36.472,0.00251066,40702,1535,codex,2026-10-08T01:14:16.572Z,False,estimated_standard_list_price,,code45
XIMP4-feature-flag-key-union__luna-effort-low__r1,XIMP4-feature-flag-key-union,luna-effort-low,1,low,True,0.9285714285714286,,,21.406,0.00122852,25235,267,codex,2026-10-08T01:13:00.279Z,False,estimated_standard_list_price,,code45
XIMP4-feature-flag-key-union__luna-effort-medium__r1,XIMP4-feature-flag-key-union,luna-effort-medium,1,medium,True,1,,,19.401,0.0009563800000000001,25285,450,codex,2026-10-08T01:07:31.986Z,False,estimated_standard_list_price,,code45
XIMP4-feature-flag-key-union__luna-effort-xhigh__r1,XIMP4-feature-flag-key-union,luna-effort-xhigh,1,xhigh,True,1,,,25.213,0.0028908199999999997,56922,2323,codex,2026-10-08T01:12:24.268Z,False,estimated_standard_list_price,,code45
XIMP5-plan-id-union__luna-effort-high__r1,XIMP5-plan-id-union,luna-effort-high,1,high,False,0.8108108108108109,,,35.772,0.0025803,41670,1665,codex,2026-10-08T01:40:36.151Z,False,estimated_standard_list_price,,code45
XIMP5-plan-id-union__luna-effort-low__r1,XIMP5-plan-id-union,luna-effort-low,1,low,False,0.8571428571428571,,,11.958,0.00091878,25779,276,codex,2026-10-08T01:41:52.205Z,False,estimated_standard_list_price,,code45
XIMP5-plan-id-union__luna-effort-medium__r1,XIMP5-plan-id-union,luna-effort-medium,1,medium,True,1,,,26.776,0.00181948,41025,641,codex,2026-10-08T01:40:08.751Z,False,estimated_standard_list_price,,code45
XIMP5-plan-id-union__luna-effort-xhigh__r1,XIMP5-plan-id-union,luna-effort-xhigh,1,xhigh,False,0.8571428571428571,,,25.48,0.0037955000000000003,41586,2269,codex,2026-10-08T01:06:01.663Z,False,estimated_standard_list_price,,code45
XIMP6-limit-check-field__luna-effort-high__r1,XIMP6-limit-check-field,luna-effort-high,1,high,False,0.888888888888889,,,41.141,0.00301694,98372,1059,codex,2026-10-08T01:45:49.513Z,False,estimated_standard_list_price,,code45
XIMP6-limit-check-field__luna-effort-low__r1,XIMP6-limit-check-field,luna-effort-low,1,low,False,0.888888888888889,,,30.877,0.00112494,39461,302,codex,2026-10-08T01:35:58.061Z,False,estimated_standard_list_price,,code45
XIMP6-limit-check-field__luna-effort-medium__r1,XIMP6-limit-check-field,luna-effort-medium,1,medium,False,0.888888888888889,,,30.802,0.00099208,25117,555,codex,2026-10-08T01:44:09.763Z,False,estimated_standard_list_price,,code45
XIMP6-limit-check-field__luna-effort-xhigh__r1,XIMP6-limit-check-field,luna-effort-xhigh,1,xhigh,False,0.888888888888889,,,29.321,0.00187722,25532,1505,codex,2026-10-08T01:42:28.420Z,False,estimated_standard_list_price,,code45
XLOC1-retry-throttle__luna-effort-high__r1,XLOC1-retry-throttle,luna-effort-high,1,high,True,1,,,46.491,0.00300608,50043,289,codex,2026-10-08T01:23:00.339Z,False,estimated_standard_list_price,,code45
XLOC1-retry-throttle__luna-effort-low__r1,XLOC1-retry-throttle,luna-effort-low,1,low,True,1,,,7.554,0.00284606,47740,107,codex,2026-10-08T01:17:13.066Z,False,estimated_standard_list_price,,code45
XLOC1-retry-throttle__luna-effort-medium__r1,XLOC1-retry-throttle,luna-effort-medium,1,medium,True,1,,,6.435,0.00117698,29246,99,codex,2026-10-08T01:41:23.221Z,False,estimated_standard_list_price,,code45
XLOC1-retry-throttle__luna-effort-xhigh__r1,XLOC1-retry-throttle,luna-effort-xhigh,1,xhigh,True,1,,,23.767,0.0035472800000000003,53695,641,codex,2026-10-08T01:06:18.006Z,False,estimated_standard_list_price,,code45
XLOC2-invite-link-validity__luna-effort-high__r1,XLOC2-invite-link-validity,luna-effort-high,1,high,True,1,,,21.064,0.0024552,71435,761,codex,2026-10-08T01:06:51.180Z,False,estimated_standard_list_price,,code45
XLOC2-invite-link-validity__luna-effort-low__r1,XLOC2-invite-link-validity,luna-effort-low,1,low,False,0.6666666666666666,,,27.24,0.0020832600000000004,68664,387,codex,2026-10-08T01:34:27.713Z,False,estimated_standard_list_price,,code45
XLOC2-invite-link-validity__luna-effort-medium__r1,XLOC2-invite-link-validity,luna-effort-medium,1,medium,False,0.6666666666666666,,,46.683,0.00158156,47242,212,codex,2026-10-08T01:10:30.383Z,False,estimated_standard_list_price,,code45
XLOC2-invite-link-validity__luna-effort-xhigh__r1,XLOC2-invite-link-validity,luna-effort-xhigh,1,xhigh,True,1,,,17.167,0.0028745,72315,502,codex,2026-10-08T01:02:30.013Z,False,estimated_standard_list_price,,code45
XLOC3-issue-number-allocation__luna-effort-high__r1,XLOC3-issue-number-allocation,luna-effort-high,1,high,True,1,,,41.858,0.00178414,50626,309,codex,2026-10-08T01:25:59.994Z,False,estimated_standard_list_price,,code45
XLOC3-issue-number-allocation__luna-effort-low__r1,XLOC3-issue-number-allocation,luna-effort-low,1,low,True,1,,,24.076,0.00141248,31401,139,codex,2026-10-08T01:34:39.042Z,False,estimated_standard_list_price,,code45
XLOC3-issue-number-allocation__luna-effort-medium__r1,XLOC3-issue-number-allocation,luna-effort-medium,1,medium,False,0.6666666666666666,,,20.249,0.00200996,46468,302,codex,2026-10-08T01:35:26.250Z,False,estimated_standard_list_price,,code45
XLOC3-issue-number-allocation__luna-effort-xhigh__r1,XLOC3-issue-number-allocation,luna-effort-xhigh,1,xhigh,True,1,,,29.992,0.0020165200000000004,54163,435,codex,2026-10-08T01:39:09.341Z,False,estimated_standard_list_price,,code45
XLOC4-session-lifetime__luna-effort-high__r1,XLOC4-session-lifetime,luna-effort-high,1,high,False,0.5,,,45.73,0.0026780600000000003,69412,1427,codex,2026-10-08T01:11:51.202Z,False,estimated_standard_list_price,,code45
XLOC4-session-lifetime__luna-effort-low__r1,XLOC4-session-lifetime,luna-effort-low,1,low,False,0.5,,,11.802,0.0012048800000000002,29140,176,codex,2026-10-08T01:42:05.014Z,False,estimated_standard_list_price,,code45
XLOC4-session-lifetime__luna-effort-medium__r1,XLOC4-session-lifetime,luna-effort-medium,1,medium,False,0.5,,,29.165,0.0019297400000000003,51887,348,codex,2026-10-08T01:33:57.722Z,False,estimated_standard_list_price,,code45
XLOC4-session-lifetime__luna-effort-xhigh__r1,XLOC4-session-lifetime,luna-effort-xhigh,1,xhigh,False,0.5,,,19.754,0.00257674,52117,1596,codex,2026-10-08T01:12:45.825Z,False,estimated_standard_list_price,,code45
XLOC5-delivery-retry-policy__luna-effort-high__r1,XLOC5-delivery-retry-policy,luna-effort-high,1,high,True,1,,,40.993,0.0021972600000000004,52179,456,codex,2026-10-08T01:07:51.015Z,False,estimated_standard_list_price,,code45
XLOC5-delivery-retry-policy__luna-effort-low__r1,XLOC5-delivery-retry-policy,luna-effort-low,1,low,True,1,,,8.068,0.0020036200000000002,54949,252,codex,2026-10-08T01:32:30.652Z,False,estimated_standard_list_price,,code45
XLOC5-delivery-retry-policy__luna-effort-medium__r1,XLOC5-delivery-retry-policy,luna-effort-medium,1,medium,False,0.6666666666666666,,,22.822,0.00128918,30168,139,codex,2026-10-08T01:35:05.097Z,False,estimated_standard_list_price,,code45
XLOC5-delivery-retry-policy__luna-effort-xhigh__r1,XLOC5-delivery-retry-policy,luna-effort-xhigh,1,xhigh,True,1,,,12.144,0.00274762,73521,560,codex,2026-10-08T01:10:02.753Z,False,estimated_standard_list_price,,code45
XLOC6-menu-entry-visibility__luna-effort-high__r1,XLOC6-menu-entry-visibility,luna-effort-high,1,high,True,1,,,29.034,0.0022358,70236,562,codex,2026-10-08T01:44:25.272Z,False,estimated_standard_list_price,,code45
XLOC6-menu-entry-visibility__luna-effort-low__r1,XLOC6-menu-entry-visibility,luna-effort-low,1,low,True,1,,,25.218,0.0019839000000000002,52052,239,codex,2026-10-08T01:14:02.343Z,False,estimated_standard_list_price,,code45
XLOC6-menu-entry-visibility__luna-effort-medium__r1,XLOC6-menu-entry-visibility,luna-effort-medium,1,medium,False,0,,,12.92,0.0022836400000000004,80505,401,codex,2026-10-08T01:06:38.054Z,False,estimated_standard_list_price,,code45
XLOC6-menu-entry-visibility__luna-effort-xhigh__r1,XLOC6-menu-entry-visibility,luna-effort-xhigh,1,xhigh,True,1,,,17.153,0.0034212400000000003,69078,584,codex,2026-10-08T01:40:47.774Z,False,estimated_standard_list_price,,code45
XREF1-assertorgscope-callers__luna-effort-high__r1,XREF1-assertorgscope-callers,luna-effort-high,1,high,True,1,,,15.886,0.00172262,43476,1063,codex,2026-10-08T01:46:41.129Z,False,estimated_standard_list_price,,code45
XREF1-assertorgscope-callers__luna-effort-low__r1,XREF1-assertorgscope-callers,luna-effort-low,1,low,True,1,,,8.628,0.0011115,25783,292,codex,2026-10-08T01:39:00.242Z,False,estimated_standard_list_price,,code45
XREF1-assertorgscope-callers__luna-effort-medium__r1,XREF1-assertorgscope-callers,luna-effort-medium,1,medium,True,1,,,18.955,0.0013739400000000001,40381,616,codex,2026-10-08T01:17:46.014Z,False,estimated_standard_list_price,,code45
XREF1-assertorgscope-callers__luna-effort-xhigh__r1,XREF1-assertorgscope-callers,luna-effort-xhigh,1,xhigh,True,1,,,26.842,0.00232534,55139,1180,codex,2026-10-08T01:33:32.978Z,False,estimated_standard_list_price,,code45
XREF2-emit-callers__luna-effort-high__r1,XREF2-emit-callers,luna-effort-high,1,high,True,0.9600000000000001,,,22.762,0.002638,84258,866,codex,2026-10-08T01:02:37.198Z,False,estimated_standard_list_price,,code45
XREF2-emit-callers__luna-effort-low__r1,XREF2-emit-callers,luna-effort-low,1,low,True,0.9600000000000001,,,15.795,0.0020778800000000003,71140,434,codex,2026-10-08T01:23:48.172Z,False,estimated_standard_list_price,,code45
XREF2-emit-callers__luna-effort-medium__r1,XREF2-emit-callers,luna-effort-medium,1,medium,True,0.9600000000000001,,,26.191,0.0015104600000000001,46246,269,codex,2026-10-08T01:44:54.566Z,False,estimated_standard_list_price,,code45
XREF2-emit-callers__luna-effort-xhigh__r1,XREF2-emit-callers,luna-effort-xhigh,1,xhigh,True,0.9600000000000001,,,40.697,0.0029181199999999997,74854,1556,codex,2026-10-08T01:42:57.244Z,False,estimated_standard_list_price,,code45
XREF3-isenabled-callers__luna-effort-high__r1,XREF3-isenabled-callers,luna-effort-high,1,high,True,1,,,37.581,0.00287336,57794,2298,codex,2026-10-08T01:24:15.243Z,False,estimated_standard_list_price,,code45
XREF3-isenabled-callers__luna-effort-low__r1,XREF3-isenabled-callers,luna-effort-low,1,low,True,1,,,33.54,0.00286004,63753,757,codex,2026-10-08T01:03:51.111Z,False,estimated_standard_list_price,,code45
XREF3-isenabled-callers__luna-effort-medium__r1,XREF3-isenabled-callers,luna-effort-medium,1,medium,True,1,,,66.32,0.0021087400000000004,51257,832,codex,2026-10-08T01:44:39.471Z,False,estimated_standard_list_price,,code45
XREF3-isenabled-callers__luna-effort-xhigh__r1,XREF3-isenabled-callers,luna-effort-xhigh,1,xhigh,True,0.9855072463768115,,,36.828,0.00370118,82212,3079,codex,2026-10-08T01:23:35.503Z,False,estimated_standard_list_price,,code45
XREF4-comment-created-subscribers__luna-effort-high__r1,XREF4-comment-created-subscribers,luna-effort-high,1,high,True,1,,,14.414,0.00423616,96937,651,codex,2026-10-08T01:05:52.096Z,False,estimated_standard_list_price,,code45
XREF4-comment-created-subscribers__luna-effort-low__r1,XREF4-comment-created-subscribers,luna-effort-low,1,low,True,1,,,22.462,0.00276682,74638,375,codex,2026-10-08T01:05:30.231Z,False,estimated_standard_list_price,,code45
XREF4-comment-created-subscribers__luna-effort-medium__r1,XREF4-comment-created-subscribers,luna-effort-medium,1,medium,True,1,,,27.047,0.00404488,105384,284,codex,2026-10-08T01:37:21.874Z,False,estimated_standard_list_price,,code45
XREF4-comment-created-subscribers__luna-effort-xhigh__r1,XREF4-comment-created-subscribers,luna-effort-xhigh,1,xhigh,True,1,,,19.791,0.004847980000000001,116552,1039,codex,2026-10-08T01:15:50.526Z,False,estimated_standard_list_price,,code45
XREF5-rate-limit-importers__luna-effort-high__r1,XREF5-rate-limit-importers,luna-effort-high,1,high,True,0.9473684210526316,,,33.956,0.00218748,45415,499,codex,2026-10-08T01:29:20.850Z,False,estimated_standard_list_price,,code45
XREF5-rate-limit-importers__luna-effort-low__r1,XREF5-rate-limit-importers,luna-effort-low,1,low,False,0.782608695652174,,,43.824,0.0029875599999999998,77477,433,codex,2026-10-08T01:25:45.310Z,False,estimated_standard_list_price,,code45
XREF5-rate-limit-importers__luna-effort-medium__r1,XREF5-rate-limit-importers,luna-effort-medium,1,medium,False,0.782608695652174,,,28.89,0.0019142999999999999,61748,695,codex,2026-10-08T01:42:16.976Z,False,estimated_standard_list_price,,code45
XREF5-rate-limit-importers__luna-effort-xhigh__r1,XREF5-rate-limit-importers,luna-effort-xhigh,1,xhigh,True,0.9473684210526316,,,21.607,0.0033831800000000004,100916,1467,codex,2026-10-08T01:49:13.337Z,False,estimated_standard_list_price,,code45
XREF6-member-joined-repositories__luna-effort-high__r1,XREF6-member-joined-repositories,luna-effort-high,1,high,True,1,,,30.438,0.0026053,72261,896,codex,2026-10-08T01:33:47.695Z,False,estimated_standard_list_price,,code45
XREF6-member-joined-repositories__luna-effort-low__r1,XREF6-member-joined-repositories,luna-effort-low,1,low,True,1,,,24.152,0.0037459000000000004,94301,382,codex,2026-10-08T01:36:56.152Z,False,estimated_standard_list_price,,code45
XREF6-member-joined-repositories__luna-effort-medium__r1,XREF6-member-joined-repositories,luna-effort-medium,1,medium,False,0.7499999999999999,,,15.114,0.0034716,126305,575,codex,2026-10-08T01:26:44.860Z,False,estimated_standard_list_price,,code45
XREF6-member-joined-repositories__luna-effort-xhigh__r1,XREF6-member-joined-repositories,luna-effort-xhigh,1,xhigh,True,1,,,50.976,0.00298392,107719,1105,codex,2026-10-08T01:21:58.300Z,False,estimated_standard_list_price,,code45
HFX1-webhook-switch-off__luna-effort-high__r1,HFX1-webhook-switch-off,luna-effort-high,1,high,True,1,,,17.575,0.00316806,102518,1085,codex,2026-10-08T02:12:43.095Z,False,estimated_standard_list_price,,hard
HFX1-webhook-switch-off__luna-effort-high__r2,HFX1-webhook-switch-off,luna-effort-high,2,high,True,1,,,53.539,0.0031077400000000003,86478,1085,codex,2026-10-08T02:30:42.951Z,False,estimated_standard_list_price,,hard
HFX1-webhook-switch-off__luna-effort-low__r1,HFX1-webhook-switch-off,luna-effort-low,1,low,True,1,,,23.865,0.0037824,147390,666,codex,2026-10-08T02:11:54.951Z,False,estimated_standard_list_price,,hard
HFX1-webhook-switch-off__luna-effort-low__r2,HFX1-webhook-switch-off,luna-effort-low,2,low,True,1,,,31.18,0.0041442,131179,715,codex,2026-10-08T01:54:50.212Z,False,estimated_standard_list_price,,hard
HFX1-webhook-switch-off__luna-effort-medium__r1,HFX1-webhook-switch-off,luna-effort-medium,1,medium,True,1,,,83.9,0.0037695,154365,858,codex,2026-10-08T02:45:49.556Z,False,estimated_standard_list_price,,hard
HFX1-webhook-switch-off__luna-effort-medium__r2,HFX1-webhook-switch-off,luna-effort-medium,2,medium,True,1,,,30.668,0.00577166,236092,2387,codex,2026-10-08T02:53:20.101Z,False,estimated_standard_list_price,,hard
HFX1-webhook-switch-off__luna-effort-xhigh__r1,HFX1-webhook-switch-off,luna-effort-xhigh,1,xhigh,True,1,,,26.787,0.00354842,108553,1376,codex,2026-10-08T01:55:47.850Z,False,estimated_standard_list_price,,hard
HFX1-webhook-switch-off__luna-effort-xhigh__r2,HFX1-webhook-switch-off,luna-effort-xhigh,2,xhigh,True,1,,,83.41,0.00899208,303626,5090,codex,2026-10-08T02:51:14.245Z,False,estimated_standard_list_price,,hard
HFX2-seat-accounting__luna-effort-high__r1,HFX2-seat-accounting,luna-effort-high,1,high,True,1,,,89.842,0.008433659999999999,333891,3588,codex,2026-10-08T02:34:13.885Z,False,estimated_standard_list_price,,hard
HFX2-seat-accounting__luna-effort-high__r2,HFX2-seat-accounting,luna-effort-high,2,high,True,1,,,57.746,0.00815492,199788,2710,codex,2026-10-08T02:47:15.854Z,False,estimated_standard_list_price,,hard
HFX2-seat-accounting__luna-effort-low__r1,HFX2-seat-accounting,luna-effort-low,1,low,True,1,,,23.996,0.004290940000000001,180254,1285,codex,2026-10-08T02:24:57.316Z,False,estimated_standard_list_price,,hard
HFX2-seat-accounting__luna-effort-low__r2,HFX2-seat-accounting,luna-effort-low,2,low,True,1,,,29.459,0.0047950399999999995,141354,1318,codex,2026-10-08T02:49:02.704Z,False,estimated_standard_list_price,,hard
HFX2-seat-accounting__luna-effort-medium__r1,HFX2-seat-accounting,luna-effort-medium,1,medium,False,0,,,22.454,0.004678860000000001,182205,1302,codex,2026-10-08T02:00:14.172Z,False,estimated_standard_list_price,,hard
HFX2-seat-accounting__luna-effort-medium__r2,HFX2-seat-accounting,luna-effort-medium,2,medium,False,0,,,29.74,0.0039723,112012,979,codex,2026-10-08T02:16:00.481Z,False,estimated_standard_list_price,,hard
HFX2-seat-accounting__luna-effort-xhigh__r1,HFX2-seat-accounting,luna-effort-xhigh,1,xhigh,True,1,,,47.994,0.00907316,231145,3989,codex,2026-10-08T02:03:05.079Z,False,estimated_standard_list_price,,hard
HFX2-seat-accounting__luna-effort-xhigh__r2,HFX2-seat-accounting,luna-effort-xhigh,2,xhigh,True,1,,,94.256,0.01353916,509946,7388,codex,2026-10-08T02:14:04.738Z,False,estimated_standard_list_price,,hard
HFX3-flag-overrides__luna-effort-high__r1,HFX3-flag-overrides,luna-effort-high,1,high,True,1,,,51.25,0.00634742,159857,1782,codex,2026-10-08T02:23:13.472Z,False,estimated_standard_list_price,,hard
HFX3-flag-overrides__luna-effort-high__r2,HFX3-flag-overrides,luna-effort-high,2,high,True,1,,,34.359,0.00486586,154992,2741,codex,2026-10-08T01:54:28.924Z,False,estimated_standard_list_price,,hard
HFX3-flag-overrides__luna-effort-low__r1,HFX3-flag-overrides,luna-effort-low,1,low,True,1,,,52.47,0.0025905,89463,882,codex,2026-10-08T02:10:34.759Z,False,estimated_standard_list_price,,hard
HFX3-flag-overrides__luna-effort-low__r2,HFX3-flag-overrides,luna-effort-low,2,low,False,0,,,52.302,0.00348184,87091,789,codex,2026-10-08T02:25:22.919Z,False,estimated_standard_list_price,,hard
HFX3-flag-overrides__luna-effort-medium__r1,HFX3-flag-overrides,luna-effort-medium,1,medium,True,1,,,59.975,0.00385592,142540,1184,codex,2026-10-08T02:30:13.465Z,False,estimated_standard_list_price,,hard
HFX3-flag-overrides__luna-effort-medium__r2,HFX3-flag-overrides,luna-effort-medium,2,medium,True,1,,,47.88,0.00283518,98306,893,codex,2026-10-08T02:46:50.118Z,False,estimated_standard_list_price,,hard
HFX3-flag-overrides__luna-effort-xhigh__r1,HFX3-flag-overrides,luna-effort-xhigh,1,xhigh,True,1,,,57.916,0.006227280000000001,172159,3505,codex,2026-10-08T02:48:06.286Z,False,estimated_standard_list_price,,hard
HFX3-flag-overrides__luna-effort-xhigh__r2,HFX3-flag-overrides,luna-effort-xhigh,2,xhigh,True,1,,,64.281,0.00716632,192803,3973,codex,2026-10-08T02:39:19.160Z,False,estimated_standard_list_price,,hard
HFX4-digest-recipients__luna-effort-high__r1,HFX4-digest-recipients,luna-effort-high,1,high,True,1,,,52.731,0.00423604,165846,1292,codex,2026-10-08T02:28:54.688Z,False,estimated_standard_list_price,,hard
HFX4-digest-recipients__luna-effort-high__r2,HFX4-digest-recipients,luna-effort-high,2,high,True,1,,,27.673,0.00502844,212910,1528,codex,2026-10-08T01:55:25.714Z,False,estimated_standard_list_price,,hard
HFX4-digest-recipients__luna-effort-low__r1,HFX4-digest-recipients,luna-effort-low,1,low,True,1,,,23.088,0.00424862,168000,1255,codex,2026-10-08T02:52:58.375Z,False,estimated_standard_list_price,,hard
HFX4-digest-recipients__luna-effort-low__r2,HFX4-digest-recipients,luna-effort-low,2,low,True,1,,,55.766,0.00705084,177307,943,codex,2026-10-08T02:22:45.310Z,False,estimated_standard_list_price,,hard
HFX4-digest-recipients__luna-effort-medium__r1,HFX4-digest-recipients,luna-effort-medium,1,medium,True,1,,,69.305,0.00610038,275868,1863,codex,2026-10-08T02:35:44.584Z,False,estimated_standard_list_price,,hard
HFX4-digest-recipients__luna-effort-medium__r2,HFX4-digest-recipients,luna-effort-medium,2,medium,True,1,,,50.954,0.00419032,171550,1350,codex,2026-10-08T02:18:06.163Z,False,estimated_standard_list_price,,hard
HFX4-digest-recipients__luna-effort-xhigh__r1,HFX4-digest-recipients,luna-effort-xhigh,1,xhigh,True,1,,,31.358,0.00524972,138076,2330,codex,2026-10-08T02:42:10.208Z,False,estimated_standard_list_price,,hard
HFX4-digest-recipients__luna-effort-xhigh__r2,HFX4-digest-recipients,luna-effort-xhigh,2,xhigh,True,1,,,49.176,0.00618148,135408,1778,codex,2026-10-08T02:44:07.229Z,False,estimated_standard_list_price,,hard
HFX5-paging-ties__luna-effort-high__r1,HFX5-paging-ties,luna-effort-high,1,high,True,1,,,16.477,0.00322046,93921,1066,codex,2026-10-08T02:39:40.799Z,False,estimated_standard_list_price,,hard
HFX5-paging-ties__luna-effort-high__r2,HFX5-paging-ties,luna-effort-high,2,high,True,1,,,49.377,0.00295066,90498,1211,codex,2026-10-08T02:35:15.794Z,False,estimated_standard_list_price,,hard
HFX5-paging-ties__luna-effort-low__r1,HFX5-paging-ties,luna-effort-low,1,low,True,1,,,13.906,0.0029069400000000002,117067,556,codex,2026-10-08T02:38:39.148Z,False,estimated_standard_list_price,,hard
HFX5-paging-ties__luna-effort-low__r2,HFX5-paging-ties,luna-effort-low,2,low,True,1,,,53.944,0.0032533600000000003,109469,787,codex,2026-10-08T02:54:15.699Z,False,estimated_standard_list_price,,hard
HFX5-paging-ties__luna-effort-medium__r1,HFX5-paging-ties,luna-effort-medium,1,medium,True,1,,,28.462,0.00333842,118417,596,codex,2026-10-08T02:17:40.952Z,False,estimated_standard_list_price,,hard
HFX5-paging-ties__luna-effort-medium__r2,HFX5-paging-ties,luna-effort-medium,2,medium,True,1,,,21.991,0.00296014,117684,539,codex,2026-10-08T02:13:21.859Z,False,estimated_standard_list_price,,hard
HFX5-paging-ties__luna-effort-xhigh__r1,HFX5-paging-ties,luna-effort-xhigh,1,xhigh,True,1,,,56.717,0.00372238,102573,1814,codex,2026-10-08T02:22:21.983Z,False,estimated_standard_list_price,,hard
HFX5-paging-ties__luna-effort-xhigh__r2,HFX5-paging-ties,luna-effort-xhigh,2,xhigh,True,1,,,38.881,0.0075198,308140,3178,codex,2026-10-08T01:59:11.198Z,False,estimated_standard_list_price,,hard
HFX6-project-archive-cascade__luna-effort-high__r1,HFX6-project-archive-cascade,luna-effort-high,1,high,True,1,,,29.861,0.00484608,162804,1692,codex,2026-10-08T01:56:15.149Z,False,estimated_standard_list_price,,hard
HFX6-project-archive-cascade__luna-effort-high__r2,HFX6-project-archive-cascade,luna-effort-high,2,high,True,1,,,23.986,0.00435956,138959,1479,codex,2026-10-08T02:41:43.021Z,False,estimated_standard_list_price,,hard
HFX6-project-archive-cascade__luna-effort-low__r1,HFX6-project-archive-cascade,luna-effort-low,1,low,True,1,,,28.186,0.0033307400000000004,91248,577,codex,2026-10-08T02:41:15.336Z,False,estimated_standard_list_price,,hard
HFX6-project-archive-cascade__luna-effort-low__r2,HFX6-project-archive-cascade,luna-effort-low,2,low,True,1,,,46.752,0.0036971599999999997,147872,906,codex,2026-10-08T02:23:42.008Z,False,estimated_standard_list_price,,hard
HFX6-project-archive-cascade__luna-effort-medium__r1,HFX6-project-archive-cascade,luna-effort-medium,1,medium,True,1,,,47.522,0.00307442,97072,881,codex,2026-10-08T02:52:10.740Z,False,estimated_standard_list_price,,hard
HFX6-project-archive-cascade__luna-effort-medium__r2,HFX6-project-archive-cascade,luna-effort-medium,2,medium,True,1,,,57.359,0.00383898,151315,1054,codex,2026-10-08T02:28:25.535Z,False,estimated_standard_list_price,,hard
HFX6-project-archive-cascade__luna-effort-xhigh__r1,HFX6-project-archive-cascade,luna-effort-xhigh,1,xhigh,True,1,,,24.597,0.00479958,167027,1676,codex,2026-10-08T02:44:59.780Z,False,estimated_standard_list_price,,hard
HFX6-project-archive-cascade__luna-effort-xhigh__r2,HFX6-project-archive-cascade,luna-effort-xhigh,2,xhigh,True,1,,,67.372,0.00624134,192589,2258,codex,2026-10-08T01:50:10.878Z,False,estimated_standard_list_price,,hard
HFX7-rewire-double-delivery__luna-effort-high__r1,HFX7-rewire-double-delivery,luna-effort-high,1,high,True,1,,,27.932,0.0035166,100907,1367,codex,2026-10-08T02:49:59.627Z,False,estimated_standard_list_price,,hard
HFX7-rewire-double-delivery__luna-effort-high__r2,HFX7-rewire-double-delivery,luna-effort-high,2,high,True,1,,,20.192,0.0033127800000000004,95984,1391,codex,2026-10-08T01:53:15.366Z,False,estimated_standard_list_price,,hard
HFX7-rewire-double-delivery__luna-effort-low__r1,HFX7-rewire-double-delivery,luna-effort-low,1,low,True,1,,,47.053,0.004208180000000001,164918,915,codex,2026-10-08T02:25:48.883Z,False,estimated_standard_list_price,,hard
HFX7-rewire-double-delivery__luna-effort-low__r2,HFX7-rewire-double-delivery,luna-effort-low,2,low,True,1,,,62.926,0.003967640000000001,174988,770,codex,2026-10-08T02:09:36.242Z,False,estimated_standard_list_price,,hard
HFX7-rewire-double-delivery__luna-effort-medium__r1,HFX7-rewire-double-delivery,luna-effort-medium,1,medium,True,1,,,19.341,0.00323598,119839,844,codex,2026-10-08T02:55:04.786Z,False,estimated_standard_list_price,,hard
HFX7-rewire-double-delivery__luna-effort-medium__r2,HFX7-rewire-double-delivery,luna-effort-medium,2,medium,True,1,,,29.043,0.00354804,96822,588,codex,2026-10-08T02:40:45.782Z,False,estimated_standard_list_price,,hard
HFX7-rewire-double-delivery__luna-effort-xhigh__r1,HFX7-rewire-double-delivery,luna-effort-xhigh,1,xhigh,True,1,,,57.39,0.004588559999999999,132186,2370,codex,2026-10-08T02:10:08.294Z,False,estimated_standard_list_price,,hard
HFX7-rewire-double-delivery__luna-effort-xhigh__r2,HFX7-rewire-double-delivery,luna-effort-xhigh,2,xhigh,True,1,,,28.292,0.0034859,99765,1534,codex,2026-10-08T02:40:20.285Z,False,estimated_standard_list_price,,hard
HFX8-settings-save-resets__luna-effort-high__r1,HFX8-settings-save-resets,luna-effort-high,1,high,False,0,,,26.366,0.00421918,112302,1553,codex,2026-10-08T02:16:53.738Z,False,estimated_standard_list_price,,hard
HFX8-settings-save-resets__luna-effort-high__r2,HFX8-settings-save-resets,luna-effort-high,2,high,True,1,,,40.959,0.00483396,171918,2748,codex,2026-10-08T02:00:58.362Z,False,estimated_standard_list_price,,hard
HFX8-settings-save-resets__luna-effort-low__r1,HFX8-settings-save-resets,luna-effort-low,1,low,False,0,,,74.022,0.00503512,200801,1567,codex,2026-10-08T02:31:07.251Z,False,estimated_standard_list_price,,hard
HFX8-settings-save-resets__luna-effort-low__r2,HFX8-settings-save-resets,luna-effort-low,2,low,False,0,,,25.388,0.004185319999999999,190665,973,codex,2026-10-08T02:04:14.232Z,False,estimated_standard_list_price,,hard
HFX8-settings-save-resets__luna-effort-medium__r1,HFX8-settings-save-resets,luna-effort-medium,1,medium,False,0,,,24.052,0.0033951199999999997,122727,769,codex,2026-10-08T02:08:17.890Z,False,estimated_standard_list_price,,hard
HFX8-settings-save-resets__luna-effort-medium__r2,HFX8-settings-save-resets,luna-effort-medium,2,medium,False,0,,,25.477,0.00234266,87803,534,codex,2026-10-08T02:50:26.467Z,False,estimated_standard_list_price,,hard
HFX8-settings-save-resets__luna-effort-xhigh__r1,HFX8-settings-save-resets,luna-effort-xhigh,1,xhigh,False,0,,,28.305,0.00372454,100583,2032,codex,2026-10-08T02:15:33.008Z,False,estimated_standard_list_price,,hard
HFX8-settings-save-resets__luna-effort-xhigh__r2,HFX8-settings-save-resets,luna-effort-xhigh,2,xhigh,False,0,,,34.006,0.0035568,99074,1814,codex,2026-10-08T02:34:46.278Z,False,estimated_standard_list_price,,hard
HIM1-bulk-archive-issues__luna-effort-high__r1,HIM1-bulk-archive-issues,luna-effort-high,1,high,True,1,,,31.769,0.00445992,134166,2454,codex,2026-10-08T02:33:46.358Z,False,estimated_standard_list_price,,hard
HIM1-bulk-archive-issues__luna-effort-high__r2,HIM1-bulk-archive-issues,luna-effort-high,2,high,True,1,,,28.231,0.00505642,161784,2501,codex,2026-10-08T02:20:39.129Z,False,estimated_standard_list_price,,hard
HIM1-bulk-archive-issues__luna-effort-low__r1,HIM1-bulk-archive-issues,luna-effort-low,1,low,True,1,,,21.169,0.00315558,112752,1179,codex,2026-10-08T02:26:38.663Z,False,estimated_standard_list_price,,hard
HIM1-bulk-archive-issues__luna-effort-low__r2,HIM1-bulk-archive-issues,luna-effort-low,2,low,True,1,,,26.159,0.005087520000000001,222793,1651,codex,2026-10-08T02:31:36.041Z,False,estimated_standard_list_price,,hard
HIM1-bulk-archive-issues__luna-effort-medium__r1,HIM1-bulk-archive-issues,luna-effort-medium,1,medium,True,1,,,25.972,0.00260262,73759,1144,codex,2026-10-08T02:53:45.684Z,False,estimated_standard_list_price,,hard
HIM1-bulk-archive-issues__luna-effort-medium__r2,HIM1-bulk-archive-issues,luna-effort-medium,2,medium,True,1,,,22.402,0.005278700000000001,171158,1209,codex,2026-10-08T02:16:29.344Z,False,estimated_standard_list_price,,hard
HIM1-bulk-archive-issues__luna-effort-xhigh__r1,HIM1-bulk-archive-issues,luna-effort-xhigh,1,xhigh,True,1,,,52.369,0.0060526,161005,3405,codex,2026-10-08T02:36:31.494Z,False,estimated_standard_list_price,,hard
HIM1-bulk-archive-issues__luna-effort-xhigh__r2,HIM1-bulk-archive-issues,luna-effort-xhigh,2,xhigh,True,1,,,60.657,0.00517656,167100,2784,codex,2026-10-08T02:43:07.133Z,False,estimated_standard_list_price,,hard
HIM2-merge-labels__luna-effort-high__r1,HIM2-merge-labels,luna-effort-high,1,high,True,1,,,55.648,0.00684408,155923,4069,codex,2026-10-08T01:57:55.062Z,False,estimated_standard_list_price,,hard
HIM2-merge-labels__luna-effort-high__r2,HIM2-merge-labels,luna-effort-high,2,high,True,1,,,50.317,0.00618206,190731,4216,codex,2026-10-08T02:21:29.610Z,False,estimated_standard_list_price,,hard
HIM2-merge-labels__luna-effort-low__r1,HIM2-merge-labels,luna-effort-low,1,low,True,1,,,29.172,0.00598196,200065,1949,codex,2026-10-08T02:03:49.806Z,False,estimated_standard_list_price,,hard
HIM2-merge-labels__luna-effort-low__r2,HIM2-merge-labels,luna-effort-low,2,low,False,0,,,46.665,0.0050672600000000005,153233,1422,codex,2026-10-08T02:19:52.158Z,False,estimated_standard_list_price,,hard
HIM2-merge-labels__luna-effort-medium__r1,HIM2-merge-labels,luna-effort-medium,1,medium,True,1,,,31.709,0.007039960000000001,184002,2900,codex,2026-10-08T02:08:40.636Z,False,estimated_standard_list_price,,hard
HIM2-merge-labels__luna-effort-medium__r2,HIM2-merge-labels,luna-effort-medium,2,medium,True,1,,,30.728,0.006218560000000001,203782,2370,codex,2026-10-08T02:29:49.215Z,False,estimated_standard_list_price,,hard
HIM2-merge-labels__luna-effort-xhigh__r1,HIM2-merge-labels,luna-effort-xhigh,1,xhigh,True,1,,,71.132,0.0073725,225498,5127,codex,2026-10-08T02:42:33.935Z,False,estimated_standard_list_price,,hard
HIM2-merge-labels__luna-effort-xhigh__r2,HIM2-merge-labels,luna-effort-xhigh,2,xhigh,True,1,,,49.477,0.00612106,157914,4667,codex,2026-10-08T02:06:58.980Z,False,estimated_standard_list_price,,hard
HIM3-change-project-lead__luna-effort-high__r1,HIM3-change-project-lead,luna-effort-high,1,high,True,1,,,84.072,0.0140105,609764,6753,codex,2026-10-08T02:01:19.140Z,False,estimated_standard_list_price,,hard
HIM3-change-project-lead__luna-effort-high__r2,HIM3-change-project-lead,luna-effort-high,2,high,True,1,,,63.501,0.00843512,297180,4528,codex,2026-10-08T02:27:21.153Z,False,estimated_standard_list_price,,hard
HIM3-change-project-lead__luna-effort-low__r1,HIM3-change-project-lead,luna-effort-low,1,low,True,1,,,77.13,0.00410454,138197,1490,codex,2026-10-08T02:18:32.454Z,False,estimated_standard_list_price,,hard
HIM3-change-project-lead__luna-effort-low__r2,HIM3-change-project-lead,luna-effort-low,2,low,True,1,,,27.703,0.00409174,157124,1135,codex,2026-10-08T02:18:57.517Z,False,estimated_standard_list_price,,hard
HIM3-change-project-lead__luna-effort-medium__r1,HIM3-change-project-lead,luna-effort-medium,1,medium,True,1,,,52.903,0.004070140000000001,139278,1205,codex,2026-10-08T02:21:57.417Z,False,estimated_standard_list_price,,hard
HIM3-change-project-lead__luna-effort-medium__r2,HIM3-change-project-lead,luna-effort-medium,2,medium,True,1,,,27.453,0.004918360000000001,173641,1881,codex,2026-10-08T02:49:32.279Z,False,estimated_standard_list_price,,hard
HIM3-change-project-lead__luna-effort-xhigh__r1,HIM3-change-project-lead,luna-effort-xhigh,1,xhigh,True,1,,,157.971,0.02268568,858662,15934,codex,2026-10-08T01:51:46.451Z,False,estimated_standard_list_price,,hard
HIM3-change-project-lead__luna-effort-xhigh__r2,HIM3-change-project-lead,luna-effort-xhigh,2,xhigh,True,1,,,151.173,0.01744986,469530,15459,codex,2026-10-08T02:05:48.746Z,False,estimated_standard_list_price,,hard
HIM4-issue-participants__luna-effort-high__r1,HIM4-issue-participants,luna-effort-high,1,high,True,1,,,21.183,0.00380348,96333,1381,codex,2026-10-08T02:37:49.688Z,False,estimated_standard_list_price,,hard
HIM4-issue-participants__luna-effort-high__r2,HIM4-issue-participants,luna-effort-high,2,high,True,1,,,23.455,0.0041159,148681,1766,codex,2026-10-08T02:05:01.218Z,False,estimated_standard_list_price,,hard
HIM4-issue-participants__luna-effort-low__r1,HIM4-issue-participants,luna-effort-low,1,low,True,1,,,46.864,0.00468084,161358,1236,codex,2026-10-08T02:19:26.356Z,False,estimated_standard_list_price,,hard
HIM4-issue-participants__luna-effort-low__r2,HIM4-issue-participants,luna-effort-low,2,low,True,1,,,23.675,0.00418342,162915,1220,codex,2026-10-08T01:57:07.965Z,False,estimated_standard_list_price,,hard
HIM4-issue-participants__luna-effort-medium__r1,HIM4-issue-participants,luna-effort-medium,1,medium,True,1,,,22.055,0.00314632,95286,1382,codex,2026-10-08T01:58:49.892Z,False,estimated_standard_list_price,,hard
HIM4-issue-participants__luna-effort-medium__r2,HIM4-issue-participants,luna-effort-medium,2,medium,True,1,,,26.165,0.0042035,120893,1278,codex,2026-10-08T02:46:20.602Z,False,estimated_standard_list_price,,hard
HIM4-issue-participants__luna-effort-xhigh__r1,HIM4-issue-participants,luna-effort-xhigh,1,xhigh,True,1,,,32.843,0.00540442,144654,3167,codex,2026-10-08T02:21:01.079Z,False,estimated_standard_list_price,,hard
HIM4-issue-participants__luna-effort-xhigh__r2,HIM4-issue-participants,luna-effort-xhigh,2,xhigh,True,1,,,25.458,0.00470902,107688,2027,codex,2026-10-08T02:11:30.086Z,False,estimated_standard_list_price,,hard
HIM5-free-viewer-seats__luna-effort-high__r1,HIM5-free-viewer-seats,luna-effort-high,1,high,True,1,,,139.437,0.02009808,904200,11328,codex,2026-10-08T01:50:29.142Z,False,estimated_standard_list_price,,hard
HIM5-free-viewer-seats__luna-effort-high__r2,HIM5-free-viewer-seats,luna-effort-high,2,high,True,1,,,186.837,0.03371766,1747243,17092,codex,2026-10-08T02:48:38.662Z,False,estimated_standard_list_price,,hard
HIM5-free-viewer-seats__luna-effort-low__r1,HIM5-free-viewer-seats,luna-effort-low,1,low,True,1,,,427.035,0.1253441,9057646,35831,codex,2026-10-08T02:36:08.927Z,False,estimated_standard_list_price,,hard
HIM5-free-viewer-seats__luna-effort-low__r2,HIM5-free-viewer-seats,luna-effort-low,2,low,True,1,,,99.775,0.0197775,1081897,7726,codex,2026-10-08T01:56:39.109Z,False,estimated_standard_list_price,,hard
HIM5-free-viewer-seats__luna-effort-medium__r1,HIM5-free-viewer-seats,luna-effort-medium,1,medium,True,1,,,161.344,0.01884816,1078544,6584,codex,2026-10-08T02:26:15.159Z,False,estimated_standard_list_price,,hard
HIM5-free-viewer-seats__luna-effort-medium__r2,HIM5-free-viewer-seats,luna-effort-medium,2,medium,False,0,,,101.475,0.0141017,638805,7348,codex,2026-10-08T02:20:14.490Z,False,estimated_standard_list_price,,hard
HIM5-free-viewer-seats__luna-effort-xhigh__r1,HIM5-free-viewer-seats,luna-effort-xhigh,1,xhigh,True,1,,,480.18,0.07770948000000001,4087923,46683,codex,2026-10-08T01:54:02.852Z,False,estimated_standard_list_price,,hard
HIM5-free-viewer-seats__luna-effort-xhigh__r2,HIM5-free-viewer-seats,luna-effort-xhigh,2,xhigh,False,0,,,463.269,0.0695585,3521267,43350,codex,2026-10-08T02:02:26.027Z,False,estimated_standard_list_price,,hard
HIM6-private-project-visibility__luna-effort-high__r1,HIM6-private-project-visibility,luna-effort-high,1,high,True,1,,,87.531,0.01650166,625682,6985,codex,2026-10-08T02:13:43.743Z,False,estimated_standard_list_price,,hard
HIM6-private-project-visibility__luna-effort-high__r2,HIM6-private-project-visibility,luna-effort-high,2,high,True,1,,,78.309,0.01100318,423306,6373,codex,2026-10-08T02:50:48.445Z,False,estimated_standard_list_price,,hard
HIM6-private-project-visibility__luna-effort-low__r1,HIM6-private-project-visibility,luna-effort-low,1,low,True,1,,,87.669,0.01734408,928230,5622,codex,2026-10-08T02:02:00.838Z,False,estimated_standard_list_price,,hard
HIM6-private-project-visibility__luna-effort-low__r2,HIM6-private-project-visibility,luna-effort-low,2,low,True,1,,,82.018,0.01100516,458533,4769,codex,2026-10-08T02:44:32.790Z,False,estimated_standard_list_price,,hard
HIM6-private-project-visibility__luna-effort-medium__r1,HIM6-private-project-visibility,luna-effort-medium,1,medium,True,1,,,52.032,0.00964044,468462,3648,codex,2026-10-08T02:43:39.864Z,False,estimated_standard_list_price,,hard
HIM6-private-project-visibility__luna-effort-medium__r2,HIM6-private-project-visibility,luna-effort-medium,2,medium,False,0,,,57.834,0.00961644,423781,3781,codex,2026-10-08T02:32:50.415Z,False,estimated_standard_list_price,,hard
HIM6-private-project-visibility__luna-effort-xhigh__r1,HIM6-private-project-visibility,luna-effort-xhigh,1,xhigh,True,1,,,395.173,0.07533694,4426485,35558,codex,2026-10-08T02:11:04.813Z,False,estimated_standard_list_price,,hard
HIM6-private-project-visibility__luna-effort-xhigh__r2,HIM6-private-project-visibility,luna-effort-xhigh,2,xhigh,True,1,,,196.031,0.0252874,921439,18351,codex,2026-10-08T01:50:47.704Z,False,estimated_standard_list_price,,hard
HIM7-issue-unassigned-event__luna-effort-high__r1,HIM7-issue-unassigned-event,luna-effort-high,1,high,True,1,,,58.449,0.01088672,488302,4154,codex,2026-10-08T02:47:42.051Z,False,estimated_standard_list_price,,hard
HIM7-issue-unassigned-event__luna-effort-high__r2,HIM7-issue-unassigned-event,luna-effort-high,2,high,True,1,,,114.104,0.01630544,831401,7059,codex,2026-10-08T02:37:19.921Z,False,estimated_standard_list_price,,hard
HIM7-issue-unassigned-event__luna-effort-low__r1,HIM7-issue-unassigned-event,luna-effort-low,1,low,True,1,,,57.164,0.012528200000000001,665146,4232,codex,2026-10-08T02:32:24.866Z,False,estimated_standard_list_price,,hard
HIM7-issue-unassigned-event__luna-effort-low__r2,HIM7-issue-unassigned-event,luna-effort-low,2,low,True,1,,,58.515,0.01244782,619681,3810,codex,2026-10-08T02:54:39.387Z,False,estimated_standard_list_price,,hard
HIM7-issue-unassigned-event__luna-effort-medium__r1,HIM7-issue-unassigned-event,luna-effort-medium,1,medium,True,1,,,50.607,0.00720476,314177,2769,codex,2026-10-08T02:24:08.729Z,False,estimated_standard_list_price,,hard
HIM7-issue-unassigned-event__luna-effort-medium__r2,HIM7-issue-unassigned-event,luna-effort-medium,2,medium,True,1,,,79.12,0.009948900000000002,388251,3534,codex,2026-10-08T02:24:32.486Z,False,estimated_standard_list_price,,hard
HIM7-issue-unassigned-event__luna-effort-xhigh__r1,HIM7-issue-unassigned-event,luna-effort-xhigh,1,xhigh,True,1,,,116.317,0.01927624,616502,11974,codex,2026-10-08T02:04:40.528Z,False,estimated_standard_list_price,,hard
HIM7-issue-unassigned-event__luna-effort-xhigh__r2,HIM7-issue-unassigned-event,luna-effort-xhigh,2,xhigh,True,1,,,170.494,0.02973868,1469185,14841,codex,2026-10-08T02:31:58.306Z,False,estimated_standard_list_price,,hard
HIM8-archived-project-freeze__luna-effort-high__r1,HIM8-archived-project-freeze,luna-effort-high,1,high,True,1,,,76.645,0.009810400000000002,410866,4494,codex,2026-10-08T02:29:21.388Z,False,estimated_standard_list_price,,hard
HIM8-archived-project-freeze__luna-effort-high__r2,HIM8-archived-project-freeze,luna-effort-high,2,high,True,1,,,62.772,0.012725060000000002,665463,4378,codex,2026-10-08T02:27:00.402Z,False,estimated_standard_list_price,,hard
HIM8-archived-project-freeze__luna-effort-low__r1,HIM8-archived-project-freeze,luna-effort-low,1,low,True,1,,,75.801,0.00987004,535631,3115,codex,2026-10-08T02:17:16.582Z,False,estimated_standard_list_price,,hard
HIM8-archived-project-freeze__luna-effort-low__r2,HIM8-archived-project-freeze,luna-effort-low,2,low,False,0,,,59.766,0.01451918,813691,4448,codex,2026-10-08T02:12:20.029Z,False,estimated_standard_list_price,,hard
HIM8-archived-project-freeze__luna-effort-medium__r1,HIM8-archived-project-freeze,luna-effort-medium,1,medium,True,1,,,63.349,0.0083281,339580,2193,codex,2026-10-08T02:45:24.708Z,False,estimated_standard_list_price,,hard
HIM8-archived-project-freeze__luna-effort-medium__r2,HIM8-archived-project-freeze,luna-effort-medium,2,medium,True,1,,,38.768,0.00796548,390179,2315,codex,2026-10-08T02:09:04.761Z,False,estimated_standard_list_price,,hard
HIM8-archived-project-freeze__luna-effort-xhigh__r1,HIM8-archived-project-freeze,luna-effort-xhigh,1,xhigh,True,1,,,125.018,0.014397580000000002,605027,7000,codex,2026-10-08T02:52:34.122Z,False,estimated_standard_list_price,,hard
HIM8-archived-project-freeze__luna-effort-xhigh__r2,HIM8-archived-project-freeze,luna-effort-xhigh,2,xhigh,True,1,,,81.037,0.011763200000000001,427955,6825,codex,2026-10-08T01:59:33.340Z,False,estimated_standard_list_price,,hard
UFX1-comment-delete-search__luna-effort-high__r1,UFX1-comment-delete-search,luna-effort-high,1,high,True,1,,,94.432,0.00877224,353821,4795,codex,2026-10-08T02:56:04.930Z,False,estimated_standard_list_price,,ultra
UFX1-comment-delete-search__luna-effort-high__r2,UFX1-comment-delete-search,luna-effort-high,2,high,True,1,,,43.036,0.00689734,225374,3925,codex,2026-10-08T03:03:15.280Z,False,estimated_standard_list_price,,ultra
UFX1-comment-delete-search__luna-effort-low__r1,UFX1-comment-delete-search,luna-effort-low,1,low,True,1,,,39.31,0.011580140000000001,451608,3295,codex,2026-10-08T03:53:28.602Z,False,estimated_standard_list_price,,ultra
UFX1-comment-delete-search__luna-effort-low__r2,UFX1-comment-delete-search,luna-effort-low,2,low,False,0,,,69.971,0.01629752,925952,4860,codex,2026-10-08T03:59:26.089Z,False,estimated_standard_list_price,,ultra
UFX1-comment-delete-search__luna-effort-medium__r1,UFX1-comment-delete-search,luna-effort-medium,1,medium,True,1,,,49.605,0.0083382,340262,3920,codex,2026-10-08T02:59:02.253Z,False,estimated_standard_list_price,,ultra
UFX1-comment-delete-search__luna-effort-medium__r2,UFX1-comment-delete-search,luna-effort-medium,2,medium,False,0,,,51.899,0.01051684,540501,3665,codex,2026-10-08T04:03:27.485Z,False,estimated_standard_list_price,,ultra
UFX1-comment-delete-search__luna-effort-xhigh__r1,UFX1-comment-delete-search,luna-effort-xhigh,1,xhigh,True,1,,,155.838,0.018837299999999998,650635,13762,codex,2026-10-08T02:56:23.649Z,False,estimated_standard_list_price,,ultra
UFX1-comment-delete-search__luna-effort-xhigh__r2,UFX1-comment-delete-search,luna-effort-xhigh,2,xhigh,True,1,,,142.36,0.0200004,742428,12936,codex,2026-10-08T03:23:05.255Z,False,estimated_standard_list_price,,ultra
UFX2-attachment-storage__luna-effort-high__r1,UFX2-attachment-storage,luna-effort-high,1,high,True,1,,,64.605,0.01059662,385232,6447,codex,2026-10-08T04:10:03.550Z,False,estimated_standard_list_price,,ultra
UFX2-attachment-storage__luna-effort-high__r2,UFX2-attachment-storage,luna-effort-high,2,high,True,1,,,53.601,0.008895900000000002,337376,4691,codex,2026-10-08T03:41:32.098Z,False,estimated_standard_list_price,,ultra
UFX2-attachment-storage__luna-effort-low__r1,UFX2-attachment-storage,luna-effort-low,1,low,True,1,,,23.568,0.00476878,147799,2004,codex,2026-10-08T03:51:54.893Z,False,estimated_standard_list_price,,ultra
UFX2-attachment-storage__luna-effort-low__r2,UFX2-attachment-storage,luna-effort-low,2,low,False,0,,,28.342,0.00711172,322617,2093,codex,2026-10-08T02:58:07.541Z,False,estimated_standard_list_price,,ultra
UFX2-attachment-storage__luna-effort-medium__r1,UFX2-attachment-storage,luna-effort-medium,1,medium,True,1,,,43.241,0.008578380000000002,285697,3010,codex,2026-10-08T03:21:59.729Z,False,estimated_standard_list_price,,ultra
UFX2-attachment-storage__luna-effort-medium__r2,UFX2-attachment-storage,luna-effort-medium,2,medium,True,1,,,54.057,0.00844314,404308,3025,codex,2026-10-08T03:39:15.536Z,False,estimated_standard_list_price,,ultra
UFX2-attachment-storage__luna-effort-xhigh__r1,UFX2-attachment-storage,luna-effort-xhigh,1,xhigh,False,0,,,136.461,0.01577912,519319,10961,codex,2026-10-08T03:38:54.957Z,False,estimated_standard_list_price,,ultra
UFX2-attachment-storage__luna-effort-xhigh__r2,UFX2-attachment-storage,luna-effort-xhigh,2,xhigh,True,1,,,132.333,0.016010840000000002,477922,12884,codex,2026-10-08T04:08:35.093Z,False,estimated_standard_list_price,,ultra
UFX3-issue-lifecycle-overdue__luna-effort-high__r1,UFX3-issue-lifecycle-overdue,luna-effort-high,1,high,True,1,,,80.781,0.01092284,518500,4730,codex,2026-10-08T03:10:42.424Z,False,estimated_standard_list_price,,ultra
UFX3-issue-lifecycle-overdue__luna-effort-high__r2,UFX3-issue-lifecycle-overdue,luna-effort-high,2,high,True,1,,,55.432,0.0095952,327233,5123,codex,2026-10-08T03:01:27.962Z,False,estimated_standard_list_price,,ultra
UFX3-issue-lifecycle-overdue__luna-effort-low__r1,UFX3-issue-lifecycle-overdue,luna-effort-low,1,low,True,1,,,77.342,0.01261596,689817,3897,codex,2026-10-08T03:45:39.217Z,False,estimated_standard_list_price,,ultra
UFX3-issue-lifecycle-overdue__luna-effort-low__r2,UFX3-issue-lifecycle-overdue,luna-effort-low,2,low,True,1,,,37.688,0.00759704,362473,2327,codex,2026-10-08T04:02:30.467Z,False,estimated_standard_list_price,,ultra
UFX3-issue-lifecycle-overdue__luna-effort-medium__r1,UFX3-issue-lifecycle-overdue,luna-effort-medium,1,medium,True,1,,,30.252,0.007521140000000001,257253,1792,codex,2026-10-08T03:16:20.302Z,False,estimated_standard_list_price,,ultra
UFX3-issue-lifecycle-overdue__luna-effort-medium__r2,UFX3-issue-lifecycle-overdue,luna-effort-medium,2,medium,True,1,,,32.828,0.006453460000000001,277327,2646,codex,2026-10-08T03:12:54.642Z,False,estimated_standard_list_price,,ultra
UFX3-issue-lifecycle-overdue__luna-effort-xhigh__r1,UFX3-issue-lifecycle-overdue,luna-effort-xhigh,1,xhigh,True,1,,,78.047,0.01352158,339218,7261,codex,2026-10-08T02:59:23.785Z,False,estimated_standard_list_price,,ultra
UFX3-issue-lifecycle-overdue__luna-effort-xhigh__r2,UFX3-issue-lifecycle-overdue,luna-effort-xhigh,2,xhigh,True,1,,,74.972,0.0144586,355416,6218,codex,2026-10-08T02:59:49.581Z,False,estimated_standard_list_price,,ultra
UFX4-search-ghosts__luna-effort-high__r1,UFX4-search-ghosts,luna-effort-high,1,high,True,1,,,95.315,0.01560866,740574,7795,codex,2026-10-08T03:27:45.340Z,False,estimated_standard_list_price,,ultra
UFX4-search-ghosts__luna-effort-high__r2,UFX4-search-ghosts,luna-effort-high,2,high,True,1,,,79.962,0.014606420000000002,680916,6709,codex,2026-10-08T03:34:21.354Z,False,estimated_standard_list_price,,ultra
UFX4-search-ghosts__luna-effort-low__r1,UFX4-search-ghosts,luna-effort-low,1,low,True,1,,,143.965,0.04184968,2910881,9463,codex,2026-10-08T03:40:29.823Z,False,estimated_standard_list_price,,ultra
UFX4-search-ghosts__luna-effort-low__r2,UFX4-search-ghosts,luna-effort-low,2,low,False,0,,,76.994,0.01936334,1032560,6351,codex,2026-10-08T03:53:48.481Z,False,estimated_standard_list_price,,ultra
UFX4-search-ghosts__luna-effort-medium__r1,UFX4-search-ghosts,luna-effort-medium,1,medium,True,1,,,96.545,0.015427260000000002,754745,6902,codex,2026-10-08T03:50:15.988Z,False,estimated_standard_list_price,,ultra
UFX4-search-ghosts__luna-effort-medium__r2,UFX4-search-ghosts,luna-effort-medium,2,medium,True,1,,,70.749,0.012903139999999999,608144,5277,codex,2026-10-08T03:09:06.936Z,False,estimated_standard_list_price,,ultra
UFX4-search-ghosts__luna-effort-xhigh__r1,UFX4-search-ghosts,luna-effort-xhigh,1,xhigh,True,1,,,181.987,0.022137220000000003,752924,17737,codex,2026-10-08T03:14:39.566Z,False,estimated_standard_list_price,,ultra
UFX4-search-ghosts__luna-effort-xhigh__r2,UFX4-search-ghosts,luna-effort-xhigh,2,xhigh,True,1,,,165.946,0.0253382,1010774,14640,codex,2026-10-08T02:56:40.133Z,False,estimated_standard_list_price,,ultra
UFX5-sweep-starvation__luna-effort-high__r1,UFX5-sweep-starvation,luna-effort-high,1,high,True,1,,,90.387,0.010884800000000002,404167,4757,codex,2026-10-08T03:02:49.928Z,False,estimated_standard_list_price,,ultra
UFX5-sweep-starvation__luna-effort-high__r2,UFX5-sweep-starvation,luna-effort-high,2,high,True,1,,,72.267,0.01030376,380245,5891,codex,2026-10-08T03:25:48.732Z,False,estimated_standard_list_price,,ultra
UFX5-sweep-starvation__luna-effort-low__r1,UFX5-sweep-starvation,luna-effort-low,1,low,True,1,,,77.468,0.016375400000000002,841432,2474,codex,2026-10-08T03:24:30.916Z,False,estimated_standard_list_price,,ultra
UFX5-sweep-starvation__luna-effort-low__r2,UFX5-sweep-starvation,luna-effort-low,2,low,True,1,,,56.252,0.013257900000000001,724476,3963,codex,2026-10-08T03:54:27.974Z,False,estimated_standard_list_price,,ultra
UFX5-sweep-starvation__luna-effort-medium__r1,UFX5-sweep-starvation,luna-effort-medium,1,medium,True,1,,,39.77,0.0060758999999999995,242897,2510,codex,2026-10-08T03:19:04.113Z,False,estimated_standard_list_price,,ultra
UFX5-sweep-starvation__luna-effort-medium__r2,UFX5-sweep-starvation,luna-effort-medium,2,medium,True,1,,,25.928,0.00557284,124112,1714,codex,2026-10-08T03:44:33.273Z,False,estimated_standard_list_price,,ultra
UFX5-sweep-starvation__luna-effort-xhigh__r1,UFX5-sweep-starvation,luna-effort-xhigh,1,xhigh,True,1,,,166.071,0.02509186,940716,16685,codex,2026-10-08T03:48:42.189Z,False,estimated_standard_list_price,,ultra
UFX5-sweep-starvation__luna-effort-xhigh__r2,UFX5-sweep-starvation,luna-effort-xhigh,2,xhigh,False,0,,,99.836,0.01201826,296987,10074,codex,2026-10-08T03:09:55.407Z,False,estimated_standard_list_price,,ultra
UFX6-plan-drift__luna-effort-high__r1,UFX6-plan-drift,luna-effort-high,1,high,True,1,,,65.185,0.01476534,632263,5560,codex,2026-10-08T04:04:39.453Z,False,estimated_standard_list_price,,ultra
UFX6-plan-drift__luna-effort-high__r2,UFX6-plan-drift,luna-effort-high,2,high,True,1,,,86.069,0.016325560000000003,805595,6823,codex,2026-10-08T03:42:46.473Z,False,estimated_standard_list_price,,ultra
UFX6-plan-drift__luna-effort-low__r1,UFX6-plan-drift,luna-effort-low,1,low,True,1,,,232.27,0.06082218,4180823,14834,codex,2026-10-08T03:11:57.573Z,False,estimated_standard_list_price,,ultra
UFX6-plan-drift__luna-effort-low__r2,UFX6-plan-drift,luna-effort-low,2,low,True,1,,,76.524,0.02854872,1930131,3861,codex,2026-10-08T04:02:11.070Z,False,estimated_standard_list_price,,ultra
UFX6-plan-drift__luna-effort-medium__r1,UFX6-plan-drift,luna-effort-medium,1,medium,True,1,,,39.968,0.00999082,317902,2343,codex,2026-10-08T03:23:25.551Z,False,estimated_standard_list_price,,ultra
UFX6-plan-drift__luna-effort-medium__r2,UFX6-plan-drift,luna-effort-medium,2,medium,True,1,,,43.186,0.0084551,352542,2389,codex,2026-10-08T03:26:39.704Z,False,estimated_standard_list_price,,ultra
UFX6-plan-drift__luna-effort-xhigh__r1,UFX6-plan-drift,luna-effort-xhigh,1,xhigh,True,1,,,147.428,0.02132888,795022,13046,codex,2026-10-08T03:23:48.950Z,False,estimated_standard_list_price,,ultra
UFX6-plan-drift__luna-effort-xhigh__r2,UFX6-plan-drift,luna-effort-xhigh,2,xhigh,True,1,,,156.093,0.02408414,998147,13920,codex,2026-10-08T03:04:46.596Z,False,estimated_standard_list_price,,ultra
UIM1-issue-dependencies__luna-effort-high__r1,UIM1-issue-dependencies,luna-effort-high,1,high,True,1,,,96.795,0.017380200000000002,851922,7224,codex,2026-10-08T03:44:54.692Z,False,estimated_standard_list_price,,ultra
UIM1-issue-dependencies__luna-effort-high__r2,UIM1-issue-dependencies,luna-effort-high,2,high,True,1,,,109.466,0.02122506,908787,10038,codex,2026-10-08T03:47:53.271Z,False,estimated_standard_list_price,,ultra
UIM1-issue-dependencies__luna-effort-low__r1,UIM1-issue-dependencies,luna-effort-low,1,low,False,0,,,63.188,0.01263204,605374,4828,codex,2026-10-08T03:55:44.491Z,False,estimated_standard_list_price,,ultra
UIM1-issue-dependencies__luna-effort-low__r2,UIM1-issue-dependencies,luna-effort-low,2,low,False,0,,,102.698,0.01544564,789604,5174,codex,2026-10-08T03:18:31.118Z,False,estimated_standard_list_price,,ultra
UIM1-issue-dependencies__luna-effort-medium__r1,UIM1-issue-dependencies,luna-effort-medium,1,medium,False,0,,,73.299,0.0161098,813585,5669,codex,2026-10-08T03:38:34.094Z,False,estimated_standard_list_price,,ultra
UIM1-issue-dependencies__luna-effort-medium__r2,UIM1-issue-dependencies,luna-effort-medium,2,medium,True,1,,,106.596,0.01566412,842340,5570,codex,2026-10-08T03:01:05.724Z,False,estimated_standard_list_price,,ultra
UIM1-issue-dependencies__luna-effort-xhigh__r1,UIM1-issue-dependencies,luna-effort-xhigh,1,xhigh,True,1,,,374.559,0.06061032,3049915,37333,codex,2026-10-08T04:00:56.396Z,False,estimated_standard_list_price,,ultra
UIM1-issue-dependencies__luna-effort-xhigh__r2,UIM1-issue-dependencies,luna-effort-xhigh,2,xhigh,True,1,,,271.454,0.0431604,2024017,25735,codex,2026-10-08T03:31:51.498Z,False,estimated_standard_list_price,,ultra
UIM2-recurring-issues__luna-effort-high__r1,UIM2-recurring-issues,luna-effort-high,1,high,False,0,,,105.675,0.019359760000000004,854550,9782,codex,2026-10-08T03:57:40.150Z,False,estimated_standard_list_price,,ultra
UIM2-recurring-issues__luna-effort-high__r2,UIM2-recurring-issues,luna-effort-high,2,high,True,1,,,153.017,0.028733920000000003,1504251,13145,codex,2026-10-08T03:36:01.395Z,False,estimated_standard_list_price,,ultra
UIM2-recurring-issues__luna-effort-low__r1,UIM2-recurring-issues,luna-effort-low,1,low,True,1,,,130.278,0.02350514,1358617,7484,codex,2026-10-08T03:36:44.508Z,False,estimated_standard_list_price,,ultra
UIM2-recurring-issues__luna-effort-low__r2,UIM2-recurring-issues,luna-effort-low,2,low,True,1,,,92.248,0.018341080000000003,882298,7356,codex,2026-10-08T03:30:19.227Z,False,estimated_standard_list_price,,ultra
UIM2-recurring-issues__luna-effort-medium__r1,UIM2-recurring-issues,luna-effort-medium,1,medium,True,1,,,87.822,0.021716940000000004,1269634,7189,codex,2026-10-08T04:00:22.811Z,False,estimated_standard_list_price,,ultra
UIM2-recurring-issues__luna-effort-medium__r2,UIM2-recurring-issues,luna-effort-medium,2,medium,True,1,,,112.452,0.020556099999999997,1066681,8640,codex,2026-10-08T03:46:52.052Z,False,estimated_standard_list_price,,ultra
UIM2-recurring-issues__luna-effort-xhigh__r1,UIM2-recurring-issues,luna-effort-xhigh,1,xhigh,True,1,,,246.654,0.03929132,1839319,21851,codex,2026-10-08T03:27:22.234Z,False,estimated_standard_list_price,,ultra
UIM2-recurring-issues__luna-effort-xhigh__r2,UIM2-recurring-issues,luna-effort-xhigh,2,xhigh,True,1,,,281.817,0.04031312,1663066,28502,codex,2026-10-08T03:52:37.324Z,False,estimated_standard_list_price,,ultra
UIM3-api-tokens__luna-effort-high__r1,UIM3-api-tokens,luna-effort-high,1,high,True,1,,,133.032,0.020266040000000003,955099,10055,codex,2026-10-08T03:10:18.757Z,False,estimated_standard_list_price,,ultra
UIM3-api-tokens__luna-effort-high__r2,UIM3-api-tokens,luna-effort-high,2,high,True,1,,,131.404,0.02252902,1091700,11591,codex,2026-10-08T03:45:20.392Z,False,estimated_standard_list_price,,ultra
UIM3-api-tokens__luna-effort-low__r1,UIM3-api-tokens,luna-effort-low,1,low,True,1,,,75.791,0.015767080000000003,766197,6305,codex,2026-10-08T03:52:13.203Z,False,estimated_standard_list_price,,ultra
UIM3-api-tokens__luna-effort-low__r2,UIM3-api-tokens,luna-effort-low,2,low,True,1,,,76.925,0.020871480000000005,1194035,6287,codex,2026-10-08T04:03:47.557Z,False,estimated_standard_list_price,,ultra
UIM3-api-tokens__luna-effort-medium__r1,UIM3-api-tokens,luna-effort-medium,1,medium,True,1,,,67.938,0.01511502,727747,6424,codex,2026-10-08T04:08:15.436Z,False,estimated_standard_list_price,,ultra
UIM3-api-tokens__luna-effort-medium__r2,UIM3-api-tokens,luna-effort-medium,2,medium,True,1,,,99.893,0.01924996,903517,6681,codex,2026-10-08T03:07:47.139Z,False,estimated_standard_list_price,,ultra
UIM3-api-tokens__luna-effort-xhigh__r1,UIM3-api-tokens,luna-effort-xhigh,1,xhigh,True,1,,,225.959,0.03509764,1509392,22402,codex,2026-10-08T03:49:14.991Z,False,estimated_standard_list_price,,ultra
UIM3-api-tokens__luna-effort-xhigh__r2,UIM3-api-tokens,luna-effort-xhigh,2,xhigh,True,1,,,178.046,0.030796220000000003,1259137,17678,codex,2026-10-08T03:57:06.153Z,False,estimated_standard_list_price,,ultra
UIM4-workspace-time-zone__luna-effort-high__r1,UIM4-workspace-time-zone,luna-effort-high,1,high,True,1,,,227.875,0.0465693,2680958,20051,codex,2026-10-08T03:26:09.631Z,False,estimated_standard_list_price,,ultra
UIM4-workspace-time-zone__luna-effort-high__r2,UIM4-workspace-time-zone,luna-effort-high,2,high,False,0,,,220.938,0.03915594,2008995,20454,codex,2026-10-08T03:55:25.057Z,False,estimated_standard_list_price,,ultra
UIM4-workspace-time-zone__luna-effort-low__r1,UIM4-workspace-time-zone,luna-effort-low,1,low,False,0,,,125.966,0.028116879999999997,1721159,8665,codex,2026-10-08T03:43:13.920Z,False,estimated_standard_list_price,,ultra
UIM4-workspace-time-zone__luna-effort-low__r2,UIM4-workspace-time-zone,luna-effort-low,2,low,False,0,,,191.581,0.033779580000000003,1936055,14336,codex,2026-10-08T03:20:13.436Z,False,estimated_standard_list_price,,ultra
UIM4-workspace-time-zone__luna-effort-medium__r1,UIM4-workspace-time-zone,luna-effort-medium,1,medium,False,0,,,50.264,0.009917220000000001,435279,3834,codex,2026-10-08T03:17:18.102Z,False,estimated_standard_list_price,,ultra
UIM4-workspace-time-zone__luna-effort-medium__r2,UIM4-workspace-time-zone,luna-effort-medium,2,medium,False,0,,,56.348,0.011364619999999999,568640,3327,codex,2026-10-08T03:17:44.630Z,False,estimated_standard_list_price,,ultra
UIM4-workspace-time-zone__luna-effort-xhigh__r1,UIM4-workspace-time-zone,luna-effort-xhigh,1,xhigh,True,1,,,573.06,0.09624006,5088206,57317,codex,2026-10-08T03:00:17.335Z,False,estimated_standard_list_price,,ultra
UIM4-workspace-time-zone__luna-effort-xhigh__r2,UIM4-workspace-time-zone,luna-effort-xhigh,2,xhigh,True,1,,,510.752,0.07503868,3565174,51888,codex,2026-10-08T03:29:41.732Z,False,estimated_standard_list_price,,ultra
UIM5-project-muting__luna-effort-high__r1,UIM5-project-muting,luna-effort-high,1,high,True,1,,,103.018,0.0166538,718818,9352,codex,2026-10-08T03:12:27.680Z,False,estimated_standard_list_price,,ultra
UIM5-project-muting__luna-effort-high__r2,UIM5-project-muting,luna-effort-high,2,high,True,1,,,110.855,0.02077268,1050363,9019,codex,2026-10-08T04:06:04.848Z,False,estimated_standard_list_price,,ultra
UIM5-project-muting__luna-effort-low__r1,UIM5-project-muting,luna-effort-low,1,low,True,1,,,60.899,0.01315734,705876,3519,codex,2026-10-08T03:20:36.721Z,False,estimated_standard_list_price,,ultra
UIM5-project-muting__luna-effort-low__r2,UIM5-project-muting,luna-effort-low,2,low,True,1,,,74.962,0.01733316,979505,4469,codex,2026-10-08T03:13:52.512Z,False,estimated_standard_list_price,,ultra
UIM5-project-muting__luna-effort-medium__r1,UIM5-project-muting,luna-effort-medium,1,medium,True,1,,,54.311,0.00896162,386083,3698,codex,2026-10-08T03:47:21.795Z,False,estimated_standard_list_price,,ultra
UIM5-project-muting__luna-effort-medium__r2,UIM5-project-muting,luna-effort-medium,2,medium,True,1,,,77.907,0.0161022,710878,4768,codex,2026-10-08T04:06:58.564Z,False,estimated_standard_list_price,,ultra
UIM5-project-muting__luna-effort-xhigh__r1,UIM5-project-muting,luna-effort-xhigh,1,xhigh,True,1,,,195.514,0.0331083,1595530,18061,codex,2026-10-08T03:19:48.266Z,False,estimated_standard_list_price,,ultra
UIM5-project-muting__luna-effort-xhigh__r2,UIM5-project-muting,luna-effort-xhigh,2,xhigh,True,1,,,144.805,0.02227962,847157,15764,codex,2026-10-08T03:59:45.921Z,False,estimated_standard_list_price,,ultra
UIM6-issue-trash__luna-effort-high__r1,UIM6-issue-trash,luna-effort-high,1,high,True,1,,,133.978,0.029275620000000002,1401002,12299,codex,2026-10-08T04:07:30.605Z,False,estimated_standard_list_price,,ultra
UIM6-issue-trash__luna-effort-high__r2,UIM6-issue-trash,luna-effort-high,2,high,True,1,,,109.658,0.0204056,982026,9142,codex,2026-10-08T03:32:12.640Z,False,estimated_standard_list_price,,ultra
UIM6-issue-trash__luna-effort-low__r1,UIM6-issue-trash,luna-effort-low,1,low,False,0,,,102.873,0.02779654,1718006,7549,codex,2026-10-08T03:15:31.534Z,False,estimated_standard_list_price,,ultra
UIM6-issue-trash__luna-effort-low__r2,UIM6-issue-trash,luna-effort-low,2,low,False,0,,,75.472,0.020884100000000003,1265628,5449,codex,2026-10-08T04:05:24.968Z,False,estimated_standard_list_price,,ultra
UIM6-issue-trash__luna-effort-medium__r1,UIM6-issue-trash,luna-effort-medium,1,medium,True,1,,,75.065,0.01643934,876946,5821,codex,2026-10-08T03:18:10.349Z,False,estimated_standard_list_price,,ultra
UIM6-issue-trash__luna-effort-medium__r2,UIM6-issue-trash,luna-effort-medium,2,medium,True,1,,,54.007,0.013111220000000002,662723,4362,codex,2026-10-08T04:09:42.998Z,False,estimated_standard_list_price,,ultra
UIM6-issue-trash__luna-effort-xhigh__r1,UIM6-issue-trash,luna-effort-xhigh,1,xhigh,True,1,,,264.243,0.04016448,1597262,27818,codex,2026-10-08T03:40:08.943Z,False,estimated_standard_list_price,,ultra
UIM6-issue-trash__luna-effort-xhigh__r2,UIM6-issue-trash,luna-effort-xhigh,2,xhigh,True,1,,,261.921,0.03918328,1673818,25290,codex,2026-10-08T03:04:22.035Z,False,estimated_standard_list_price,,ultra
EFX1-membership-lifecycle__luna-effort-high__r1,EFX1-membership-lifecycle,luna-effort-high,1,high,False,0,,,213.152,0.04062992,2334883,16193,codex,2026-10-08T06:29:02.214Z,False,estimated_standard_list_price,,extreme
EFX1-membership-lifecycle__luna-effort-high__r2,EFX1-membership-lifecycle,luna-effort-high,2,high,True,1,,,183.782,0.03251818,1776408,14021,codex,2026-10-08T07:06:49.586Z,False,estimated_standard_list_price,,extreme
EFX1-membership-lifecycle__luna-effort-low__r1,EFX1-membership-lifecycle,luna-effort-low,1,low,False,0,,,215.549,0.05904158,3961631,18708,codex,2026-10-08T04:13:55.810Z,False,estimated_standard_list_price,,extreme
EFX1-membership-lifecycle__luna-effort-low__r2,EFX1-membership-lifecycle,luna-effort-low,2,low,False,0,,,105.109,0.029483080000000002,1942323,6563,codex,2026-10-08T06:46:44.833Z,False,estimated_standard_list_price,,extreme
EFX1-membership-lifecycle__luna-effort-medium__r1,EFX1-membership-lifecycle,luna-effort-medium,1,medium,True,1,,,101.013,0.02060602,1176595,6894,codex,2026-10-08T06:05:18.809Z,False,estimated_standard_list_price,,extreme
EFX1-membership-lifecycle__luna-effort-medium__r2,EFX1-membership-lifecycle,luna-effort-medium,2,medium,False,0,,,134.74,0.026911479999999998,1461992,11086,codex,2026-10-08T06:57:39.607Z,False,estimated_standard_list_price,,extreme
EFX1-membership-lifecycle__luna-effort-xhigh__r1,EFX1-membership-lifecycle,luna-effort-xhigh,1,xhigh,False,0,,,476.227,0.07741282000000001,4257443,42322,codex,2026-10-08T06:38:29.793Z,False,estimated_standard_list_price,,extreme
EFX1-membership-lifecycle__luna-effort-xhigh__r2,EFX1-membership-lifecycle,luna-effort-xhigh,2,xhigh,False,0,,,462.629,0.07583176000000001,4309936,39444,codex,2026-10-08T06:19:47.375Z,False,estimated_standard_list_price,,extreme
EFX2-audit-trail__luna-effort-high__r1,EFX2-audit-trail,luna-effort-high,1,high,False,0,,,118.048,0.02115538,1079569,10164,codex,2026-10-08T04:11:38.072Z,False,estimated_standard_list_price,,extreme
EFX2-audit-trail__luna-effort-high__r2,EFX2-audit-trail,luna-effort-high,2,high,False,0,,,98.929,0.01418954,567566,7671,codex,2026-10-08T07:03:04.504Z,False,estimated_standard_list_price,,extreme
EFX2-audit-trail__luna-effort-low__r1,EFX2-audit-trail,luna-effort-low,1,low,True,1,,,96.314,0.02042452,1155335,7327,codex,2026-10-08T06:59:39.692Z,False,estimated_standard_list_price,,extreme
EFX2-audit-trail__luna-effort-low__r2,EFX2-audit-trail,luna-effort-low,2,low,False,0,,,82.14,0.01877796,1052911,5119,codex,2026-10-08T06:49:25.711Z,False,estimated_standard_list_price,,extreme
EFX2-audit-trail__luna-effort-medium__r1,EFX2-audit-trail,luna-effort-medium,1,medium,False,0,,,55.824,0.011992400000000002,623188,3488,codex,2026-10-08T06:38:01.073Z,False,estimated_standard_list_price,,extreme
EFX2-audit-trail__luna-effort-medium__r2,EFX2-audit-trail,luna-effort-medium,2,medium,False,0,,,57.222,0.00875244,436117,2581,codex,2026-10-08T06:06:21.698Z,False,estimated_standard_list_price,,extreme
EFX2-audit-trail__luna-effort-xhigh__r1,EFX2-audit-trail,luna-effort-xhigh,1,xhigh,True,1,,,242.057,0.02633736,770838,22278,codex,2026-10-08T06:58:00.132Z,False,estimated_standard_list_price,,extreme
EFX2-audit-trail__luna-effort-xhigh__r2,EFX2-audit-trail,luna-effort-xhigh,2,xhigh,True,1,,,340.599,0.06770964,4058873,30005,codex,2026-10-08T06:13:47.200Z,False,estimated_standard_list_price,,extreme
EFX3-signing-in-and-out__luna-effort-high__r1,EFX3-signing-in-and-out,luna-effort-high,1,high,True,1,,,75.672,0.01205106,413435,7586,codex,2026-10-08T06:23:20.759Z,False,estimated_standard_list_price,,extreme
EFX3-signing-in-and-out__luna-effort-high__r2,EFX3-signing-in-and-out,luna-effort-high,2,high,True,1,,,73.506,0.01007924,373905,6157,codex,2026-10-08T06:28:42.534Z,False,estimated_standard_list_price,,extreme
EFX3-signing-in-and-out__luna-effort-low__r1,EFX3-signing-in-and-out,luna-effort-low,1,low,True,1,,,56.945,0.0061608,212358,2106,codex,2026-10-08T06:06:40.876Z,False,estimated_standard_list_price,,extreme
EFX3-signing-in-and-out__luna-effort-low__r2,EFX3-signing-in-and-out,luna-effort-low,2,low,True,1,,,47.295,0.01192718,402629,4062,codex,2026-10-08T06:36:51.286Z,False,estimated_standard_list_price,,extreme
EFX3-signing-in-and-out__luna-effort-medium__r1,EFX3-signing-in-and-out,luna-effort-medium,1,medium,True,1,,,48.924,0.008532040000000001,207125,4393,codex,2026-10-08T06:27:30.648Z,False,estimated_standard_list_price,,extreme
EFX3-signing-in-and-out__luna-effort-medium__r2,EFX3-signing-in-and-out,luna-effort-medium,2,medium,True,1,,,48.938,0.009137720000000002,358170,3412,codex,2026-10-08T06:41:42.372Z,False,estimated_standard_list_price,,extreme
EFX3-signing-in-and-out__luna-effort-xhigh__r1,EFX3-signing-in-and-out,luna-effort-xhigh,1,xhigh,False,0,,,175.004,0.02436712,1014811,14517,codex,2026-10-08T07:14:46.371Z,False,estimated_standard_list_price,,extreme
EFX3-signing-in-and-out__luna-effort-xhigh__r2,EFX3-signing-in-and-out,luna-effort-xhigh,2,xhigh,True,1,,,155.989,0.018969760000000002,590844,14972,codex,2026-10-08T05:58:13.248Z,False,estimated_standard_list_price,,extreme
EFX4-former-members__luna-effort-high__r1,EFX4-former-members,luna-effort-high,1,high,True,1,,,104.769,0.01735996,732320,8110,codex,2026-10-08T07:19:15.158Z,False,estimated_standard_list_price,,extreme
EFX4-former-members__luna-effort-high__r2,EFX4-former-members,luna-effort-high,2,high,True,1,,,122.069,0.022642779999999998,1067416,10731,codex,2026-10-08T06:04:00.723Z,False,estimated_standard_list_price,,extreme
EFX4-former-members__luna-effort-low__r1,EFX4-former-members,luna-effort-low,1,low,False,0,,,96.545,0.02601656,1554600,6580,codex,2026-10-08T06:24:55.814Z,False,estimated_standard_list_price,,extreme
EFX4-former-members__luna-effort-low__r2,EFX4-former-members,luna-effort-low,2,low,False,0,,,75.31,0.020677780000000003,1113642,6311,codex,2026-10-08T06:39:15.690Z,False,estimated_standard_list_price,,extreme
EFX4-former-members__luna-effort-medium__r1,EFX4-former-members,luna-effort-medium,1,medium,False,0,,,66.751,0.01355514,634390,5479,codex,2026-10-08T07:01:36.604Z,False,estimated_standard_list_price,,extreme
EFX4-former-members__luna-effort-medium__r2,EFX4-former-members,luna-effort-medium,2,medium,False,0,,,54.715,0.01264256,610086,3538,codex,2026-10-08T06:13:09.543Z,False,estimated_standard_list_price,,extreme
EFX4-former-members__luna-effort-xhigh__r1,EFX4-former-members,luna-effort-xhigh,1,xhigh,True,1,,,320.073,0.0602645,3428609,28548,codex,2026-10-08T07:09:05.814Z,False,estimated_standard_list_price,,extreme
EFX4-former-members__luna-effort-xhigh__r2,EFX4-former-members,luna-effort-xhigh,2,xhigh,True,1,,,393.315,0.08265156,4839028,36430,codex,2026-10-08T05:58:25.668Z,False,estimated_standard_list_price,,extreme
EFX5-closed-workspace__luna-effort-high__r1,EFX5-closed-workspace,luna-effort-high,1,high,False,0,,,99.333,0.017915860000000002,750976,8025,codex,2026-10-08T06:25:33.649Z,False,estimated_standard_list_price,,extreme
EFX5-closed-workspace__luna-effort-high__r2,EFX5-closed-workspace,luna-effort-high,2,high,False,0,,,97.316,0.0179198,834790,7352,codex,2026-10-08T06:29:22.465Z,False,estimated_standard_list_price,,extreme
EFX5-closed-workspace__luna-effort-low__r1,EFX5-closed-workspace,luna-effort-low,1,low,False,0,,,325.973,0.0718714,4872347,22675,codex,2026-10-08T07:27:52.653Z,False,estimated_standard_list_price,,extreme
EFX5-closed-workspace__luna-effort-low__r2,EFX5-closed-workspace,luna-effort-low,2,low,True,1,,,200.601,0.07522426000000002,5657730,12203,codex,2026-10-08T06:07:38.181Z,False,estimated_standard_list_price,,extreme
EFX5-closed-workspace__luna-effort-medium__r1,EFX5-closed-workspace,luna-effort-medium,1,medium,False,0,,,52.506,0.011568120000000001,506961,2937,codex,2026-10-08T06:51:07.539Z,False,estimated_standard_list_price,,extreme
EFX5-closed-workspace__luna-effort-medium__r2,EFX5-closed-workspace,luna-effort-medium,2,medium,False,0,,,84.865,0.017013120000000003,873925,5407,codex,2026-10-08T07:00:15.054Z,False,estimated_standard_list_price,,extreme
EFX5-closed-workspace__luna-effort-xhigh__r1,EFX5-closed-workspace,luna-effort-xhigh,1,xhigh,False,0,,,439.703,0.09523856,6244043,35193,codex,2026-10-08T06:34:03.424Z,False,estimated_standard_list_price,,extreme
EFX5-closed-workspace__luna-effort-xhigh__r2,EFX5-closed-workspace,luna-effort-xhigh,2,xhigh,True,1,,,472.176,0.0875953,5395648,39549,codex,2026-10-08T06:30:18.536Z,False,estimated_standard_list_price,,extreme
EFX6-foreign-references__luna-effort-high__r1,EFX6-foreign-references,luna-effort-high,1,high,False,0,,,91.899,0.01838232,912909,7491,codex,2026-10-08T06:04:50.331Z,False,estimated_standard_list_price,,extreme
EFX6-foreign-references__luna-effort-high__r2,EFX6-foreign-references,luna-effort-high,2,high,False,0,,,82.037,0.01519404,616017,6441,codex,2026-10-08T06:32:21.631Z,False,estimated_standard_list_price,,extreme
EFX6-foreign-references__luna-effort-low__r1,EFX6-foreign-references,luna-effort-low,1,low,False,0,,,84.706,0.022635620000000002,1024992,5101,codex,2026-10-08T06:45:36.953Z,False,estimated_standard_list_price,,extreme
EFX6-foreign-references__luna-effort-low__r2,EFX6-foreign-references,luna-effort-low,2,low,False,0,,,73.846,0.02039938,931226,3991,codex,2026-10-08T06:27:49.097Z,False,estimated_standard_list_price,,extreme
EFX6-foreign-references__luna-effort-medium__r1,EFX6-foreign-references,luna-effort-medium,1,medium,False,0,,,44.105,0.00943994,422449,3464,codex,2026-10-08T06:31:19.339Z,False,estimated_standard_list_price,,extreme
EFX6-foreign-references__luna-effort-medium__r2,EFX6-foreign-references,luna-effort-medium,2,medium,False,0,,,72.532,0.014169540000000001,748972,4297,codex,2026-10-08T06:16:49.463Z,False,estimated_standard_list_price,,extreme
EFX6-foreign-references__luna-effort-xhigh__r1,EFX6-foreign-references,luna-effort-xhigh,1,xhigh,False,0,,,151.772,0.01982618,592415,13698,codex,2026-10-08T07:16:23.669Z,False,estimated_standard_list_price,,extreme
EFX6-foreign-references__luna-effort-xhigh__r2,EFX6-foreign-references,luna-effort-xhigh,2,xhigh,False,0,,,222.264,0.037698300000000004,1869459,20148,codex,2026-10-08T06:50:08.487Z,False,estimated_standard_list_price,,extreme
EIM1-ownership-handover__luna-effort-high__r1,EIM1-ownership-handover,luna-effort-high,1,high,True,1,,,165.958,0.030245400000000002,1406616,14406,codex,2026-10-08T06:42:31.212Z,False,estimated_standard_list_price,,extreme
EIM1-ownership-handover__luna-effort-high__r2,EIM1-ownership-handover,luna-effort-high,2,high,True,1,,,229.609,0.037469,2008551,18367,codex,2026-10-08T07:26:37.678Z,False,estimated_standard_list_price,,extreme
EIM1-ownership-handover__luna-effort-low__r1,EIM1-ownership-handover,luna-effort-low,1,low,False,0,,,116.367,0.029043779999999998,1548531,9102,codex,2026-10-08T07:17:33.682Z,False,estimated_standard_list_price,,extreme
EIM1-ownership-handover__luna-effort-low__r2,EIM1-ownership-handover,luna-effort-low,2,low,False,0,,,80.586,0.01901776,893925,5831,codex,2026-10-08T06:40:49.952Z,False,estimated_standard_list_price,,extreme
EIM1-ownership-handover__luna-effort-medium__r1,EIM1-ownership-handover,luna-effort-medium,1,medium,False,0,,,96.492,0.01768552,896518,7302,codex,2026-10-08T07:19:48.783Z,False,estimated_standard_list_price,,extreme
EIM1-ownership-handover__luna-effort-medium__r2,EIM1-ownership-handover,luna-effort-medium,2,medium,True,1,,,111.019,0.01941968,968829,8335,codex,2026-10-08T06:11:36.646Z,False,estimated_standard_list_price,,extreme
EIM1-ownership-handover__luna-effort-xhigh__r1,EIM1-ownership-handover,luna-effort-xhigh,1,xhigh,True,1,,,300.189,0.04055352,1545580,30592,codex,2026-10-08T07:21:18.327Z,False,estimated_standard_list_price,,extreme
EIM1-ownership-handover__luna-effort-xhigh__r2,EIM1-ownership-handover,luna-effort-xhigh,2,xhigh,True,1,,,737.568,0.10859418000000001,5827509,63972,codex,2026-10-08T07:21:44.634Z,False,estimated_standard_list_price,,extreme
EIM2-issue-import__luna-effort-high__r1,EIM2-issue-import,luna-effort-high,1,high,False,0,,,147.779,0.027182940000000003,1290055,13576,codex,2026-10-08T06:17:33.484Z,False,estimated_standard_list_price,,extreme
EIM2-issue-import__luna-effort-high__r2,EIM2-issue-import,luna-effort-high,2,high,False,0,,,122.56,0.02195042,1053638,9291,codex,2026-10-08T07:02:21.012Z,False,estimated_standard_list_price,,extreme
EIM2-issue-import__luna-effort-low__r1,EIM2-issue-import,luna-effort-low,1,low,False,0,,,73.354,0.018358760000000002,1033099,4787,codex,2026-10-08T06:08:00.899Z,False,estimated_standard_list_price,,extreme
EIM2-issue-import__luna-effort-low__r2,EIM2-issue-import,luna-effort-low,2,low,False,0,,,107.115,0.030695800000000002,1948699,6423,codex,2026-10-08T06:15:27.541Z,False,estimated_standard_list_price,,extreme
EIM2-issue-import__luna-effort-medium__r1,EIM2-issue-import,luna-effort-medium,1,medium,False,0,,,51.355,0.013103400000000001,647735,4487,codex,2026-10-08T04:14:21.279Z,False,estimated_standard_list_price,,extreme
EIM2-issue-import__luna-effort-medium__r2,EIM2-issue-import,luna-effort-medium,2,medium,False,0,,,93.113,0.01654622,852951,5212,codex,2026-10-08T06:11:17.735Z,False,estimated_standard_list_price,,extreme
EIM2-issue-import__luna-effort-xhigh__r1,EIM2-issue-import,luna-effort-xhigh,1,xhigh,False,0,,,249.141,0.03126216,1131686,23318,codex,2026-10-08T06:10:59.101Z,False,estimated_standard_list_price,,extreme
EIM2-issue-import__luna-effort-xhigh__r2,EIM2-issue-import,luna-effort-xhigh,2,xhigh,False,0,,,284.824,0.0409075,1708218,26789,codex,2026-10-08T07:04:00.771Z,False,estimated_standard_list_price,,extreme
EIM3-out-of-office__luna-effort-high__r1,EIM3-out-of-office,luna-effort-high,1,high,True,1,,,122.986,0.024577660000000005,1308973,10434,codex,2026-10-08T06:14:24.800Z,False,estimated_standard_list_price,,extreme
EIM3-out-of-office__luna-effort-high__r2,EIM3-out-of-office,luna-effort-high,2,high,True,1,,,129.465,0.026027099999999997,1260920,11147,codex,2026-10-08T06:34:22.570Z,False,estimated_standard_list_price,,extreme
EIM3-out-of-office__luna-effort-low__r1,EIM3-out-of-office,luna-effort-low,1,low,True,1,,,61.74,0.01288468,579824,5098,codex,2026-10-08T04:15:31.726Z,False,estimated_standard_list_price,,extreme
EIM3-out-of-office__luna-effort-low__r2,EIM3-out-of-office,luna-effort-low,2,low,True,1,,,68.206,0.01695652,903283,5643,codex,2026-10-08T06:09:32.691Z,False,estimated_standard_list_price,,extreme
EIM3-out-of-office__luna-effort-medium__r1,EIM3-out-of-office,luna-effort-medium,1,medium,True,1,,,88.028,0.013564960000000001,649570,5550,codex,2026-10-08T04:11:26.867Z,False,estimated_standard_list_price,,extreme
EIM3-out-of-office__luna-effort-medium__r2,EIM3-out-of-office,luna-effort-medium,2,medium,True,1,,,66.929,0.0146485,557169,5876,codex,2026-10-08T06:32:56.293Z,False,estimated_standard_list_price,,extreme
EIM3-out-of-office__luna-effort-xhigh__r1,EIM3-out-of-office,luna-effort-xhigh,1,xhigh,True,1,,,292.769,0.04596844,2154622,28224,codex,2026-10-08T06:20:21.022Z,False,estimated_standard_list_price,,extreme
EIM3-out-of-office__luna-effort-xhigh__r2,EIM3-out-of-office,luna-effort-xhigh,2,xhigh,True,1,,,303.784,0.04541758,1876690,28749,codex,2026-10-08T06:52:17.390Z,False,estimated_standard_list_price,,extreme
EIM4-member-suspension__luna-effort-high__r1,EIM4-member-suspension,luna-effort-high,1,high,True,1,,,202.031,0.04651778,2977822,14627,codex,2026-10-08T06:55:58.239Z,False,estimated_standard_list_price,,extreme
EIM4-member-suspension__luna-effort-high__r2,EIM4-member-suspension,luna-effort-high,2,high,True,1,,,147.664,0.03250442,1777135,13802,codex,2026-10-08T06:47:21.908Z,False,estimated_standard_list_price,,extreme
EIM4-member-suspension__luna-effort-low__r1,EIM4-member-suspension,luna-effort-low,1,low,False,0,,,116.931,0.020458459999999998,1167615,5584,codex,2026-10-08T07:05:04.654Z,False,estimated_standard_list_price,,extreme
EIM4-member-suspension__luna-effort-low__r2,EIM4-member-suspension,luna-effort-low,2,low,False,0,,,99.406,0.03402432,2290779,6273,codex,2026-10-08T06:48:48.672Z,False,estimated_standard_list_price,,extreme
EIM4-member-suspension__luna-effort-medium__r1,EIM4-member-suspension,luna-effort-medium,1,medium,True,1,,,107.825,0.01901734,1016901,6026,codex,2026-10-08T06:54:09.652Z,False,estimated_standard_list_price,,extreme
EIM4-member-suspension__luna-effort-medium__r2,EIM4-member-suspension,luna-effort-medium,2,medium,True,1,,,108.781,0.020091660000000004,1022513,8066,codex,2026-10-08T07:07:29.747Z,False,estimated_standard_list_price,,extreme
EIM4-member-suspension__luna-effort-xhigh__r1,EIM4-member-suspension,luna-effort-xhigh,1,xhigh,True,1,,,314.865,0.05451766,2899440,25475,codex,2026-10-08T07:18:02.929Z,False,estimated_standard_list_price,,extreme
EIM4-member-suspension__luna-effort-xhigh__r2,EIM4-member-suspension,luna-effort-xhigh,2,xhigh,True,1,,,292.116,0.04196458,1928238,25127,codex,2026-10-08T07:12:21.048Z,False,estimated_standard_list_price,,extreme
EIM5-workspace-lock__luna-effort-high__r1,EIM5-workspace-lock,luna-effort-high,1,high,True,1,,,132.713,0.025791420000000002,937843,11332,codex,2026-10-08T07:09:49.648Z,False,estimated_standard_list_price,,extreme
EIM5-workspace-lock__luna-effort-high__r2,EIM5-workspace-lock,luna-effort-high,2,high,True,1,,,126.776,0.02858754,1479057,10380,codex,2026-10-08T06:53:32.161Z,False,estimated_standard_list_price,,extreme
EIM5-workspace-lock__luna-effort-low__r1,EIM5-workspace-lock,luna-effort-low,1,low,True,1,,,238.426,0.045619660000000006,2952397,9990,codex,2026-10-08T06:07:18.935Z,False,estimated_standard_list_price,,extreme
EIM5-workspace-lock__luna-effort-low__r2,EIM5-workspace-lock,luna-effort-low,2,low,True,1,,,89.285,0.025104760000000004,1559903,5539,codex,2026-10-08T07:04:43.448Z,False,estimated_standard_list_price,,extreme
EIM5-workspace-lock__luna-effort-medium__r1,EIM5-workspace-lock,luna-effort-medium,1,medium,False,0,,,233.58,0.013458779999999998,618118,5269,codex,2026-10-08T07:23:38.322Z,False,estimated_standard_list_price,,extreme
EIM5-workspace-lock__luna-effort-medium__r2,EIM5-workspace-lock,luna-effort-medium,2,medium,False,0,,,99.683,0.02424064,1349083,5793,codex,2026-10-08T07:02:00.345Z,False,estimated_standard_list_price,,extreme
EIM5-workspace-lock__luna-effort-xhigh__r1,EIM5-workspace-lock,luna-effort-xhigh,1,xhigh,True,1,,,336.06,0.05791836,2803917,29493,codex,2026-10-08T07:10:26.750Z,False,estimated_standard_list_price,,extreme
EIM5-workspace-lock__luna-effort-xhigh__r2,EIM5-workspace-lock,luna-effort-xhigh,2,xhigh,True,1,,,389.447,0.06930544,3558852,40580,codex,2026-10-08T05:58:00.000Z,False,estimated_standard_list_price,,extreme
EIM6-workspace-deletion__luna-effort-high__r1,EIM6-workspace-deletion,luna-effort-high,1,high,True,1,,,123.103,0.0249887,1209345,10630,codex,2026-10-08T06:47:03.503Z,False,estimated_standard_list_price,,extreme
EIM6-workspace-deletion__luna-effort-high__r2,EIM6-workspace-deletion,luna-effort-high,2,high,False,0,,,132.411,0.030752940000000003,1746608,10967,codex,2026-10-08T04:11:49.389Z,False,estimated_standard_list_price,,extreme
EIM6-workspace-deletion__luna-effort-low__r1,EIM6-workspace-deletion,luna-effort-low,1,low,True,1,,,85.185,0.02342482,1439266,5847,codex,2026-10-08T06:56:16.558Z,False,estimated_standard_list_price,,extreme
EIM6-workspace-deletion__luna-effort-low__r2,EIM6-workspace-deletion,luna-effort-low,2,low,False,0,,,144.218,0.046240979999999994,3113090,9599,codex,2026-10-08T06:50:48.343Z,False,estimated_standard_list_price,,extreme
EIM6-workspace-deletion__luna-effort-medium__r1,EIM6-workspace-deletion,luna-effort-medium,1,medium,True,1,,,147.901,0.02717036,1571042,8364,codex,2026-10-08T06:01:13.320Z,False,estimated_standard_list_price,,extreme
EIM6-workspace-deletion__luna-effort-medium__r2,EIM6-workspace-deletion,luna-effort-medium,2,medium,False,0,,,112.98,0.022630900000000002,1197694,7323,codex,2026-10-08T06:26:51.075Z,False,estimated_standard_list_price,,extreme
EIM6-workspace-deletion__luna-effort-xhigh__r1,EIM6-workspace-deletion,luna-effort-xhigh,1,xhigh,True,1,,,277.207,0.04041234,1668845,27176,codex,2026-10-08T06:18:23.420Z,False,estimated_standard_list_price,,extreme
EIM6-workspace-deletion__luna-effort-xhigh__r2,EIM6-workspace-deletion,luna-effort-xhigh,2,xhigh,True,1,,,231.123,0.03580496,1457465,19779,codex,2026-10-08T06:42:52.802Z,False,estimated_standard_list_price,,extreme
